Timestamp,Gravidade X,Gravidade Y,Gravidade Z
2025-02-03 16:39:01,-379.0,42.0,3683.0
2025-02-03 16:39:01,-0.0,-0.0,-0.01
2025-02-03 16:39:01,-1.0,-4.0,-31.0
2025-02-03 16:39:01,-0.0,-0.0,0.0
2025-02-03 16:39:01,-4.0,-4.0,2.0
2025-02-03 16:39:01,-0.0,0.01,-0.0
2025-02-03 16:39:01,-6.0,32.0,-4.0
2025-02-03 16:39:01,-0.0,0.0,-0.0
2025-02-03 16:39:01,-13.0,18.0,-7.0
2025-02-03 16:39:01,0.01,0.0,-0.0
2025-02-03 16:39:01,23.0,5.0,-8.0
2025-02-03 16:39:01,0.0,0.0,0.0
2025-02-03 16:39:01,20.0,20.0,2.0
2025-02-03 16:39:01,0.0,0.0,-0.0
2025-02-03 16:39:01,3.0,18.0,-7.0
2025-02-03 16:39:01,-0.0,-0.0,0.0
2025-02-03 16:39:01,-6.0,-1.0,9.0
2025-02-03 16:39:01,-0.01,-0.0,-0.0
2025-02-03 16:39:01,-22.0,-10.0,-9.0
2025-02-03 16:39:01,-0.0,0.01,0.0
2025-02-03 16:39:01,-12.0,29.0,13.0
2025-02-03 16:39:01,0.0,0.0,0.0
2025-02-03 16:39:01,15.0,7.0,12.0
2025-02-03 16:39:01,0.0,0.0,-0.0
2025-02-03 16:39:01,11.0,4.0,-2.0
2025-02-03 16:39:01,-0.0,-0.01,-0.0
2025-02-03 16:39:01,-14.0,-23.0,-10.0
2025-02-03 16:39:01,0.0,-0.0,-0.0
2025-02-03 16:39:01,5.0,-5.0,-20.0
2025-02-03 16:39:01,0.0,-0.0,-0.0
2025-02-03 16:39:01,2.0,-14.0,-5.0
2025-02-03 16:39:01,-0.0,0.0,0.0
2025-02-03 16:39:01,-2.0,8.0,16.0
2025-02-03 16:39:01,-0.0,0.0,-0.0
2025-02-03 16:39:01,-5.0,4.0,-2.0
2025-02-03 16:39:01,0.0,0.0,0.0
2025-02-03 16:39:01,8.0,13.0,0.0
2025-02-03 16:39:01,-0.0,0.01,0.0
2025-02-03 16:39:01,-1.0,28.0,9.0
2025-02-03 16:39:01,0.0,0.0,-0.0
2025-02-03 16:39:01,3.0,4.0,-5.0
2025-02-03 16:39:01,-0.01,-0.01,0.0
2025-02-03 16:39:01,-21.0,-33.0,2.0
2025-02-03 16:39:01,0.0,0.0,0.0
2025-02-03 16:39:01,11.0,19.0,10.0
2025-02-03 16:39:01,0.0,-0.0,0.01
2025-02-03 16:39:01,17.0,-7.0,22.0
2025-02-03 16:39:01,-0.0,0.0,0.0
2025-02-03 16:39:01,-14.0,5.0,16.0
2025-02-03 16:39:01,0.0,0.0,-0.0
2025-02-03 16:39:01,6.0,14.0,-10.0
2025-02-03 16:39:01,-0.0,0.0,-0.01
2025-02-03 16:39:01,-3.0,0.0,-24.0
2025-02-03 16:39:01,-0.01,-0.0,-0.01
2025-02-03 16:39:01,-26.0,-1.0,-31.0
2025-02-03 16:39:01,-0.01,0.01,0.0
2025-02-03 16:39:01,-23.0,30.0,5.0
2025-02-03 16:39:01,0.0,-0.0,-0.0
2025-02-03 16:39:01,0.0,-9.0,-19.0
2025-02-03 16:39:01,0.0,-0.0,-0.01
2025-02-03 16:39:01,12.0,-12.0,-26.0
2025-02-03 16:39:01,0.0,0.0,-0.0
2025-02-03 16:39:01,20.0,10.0,-1.0
2025-02-03 16:39:01,0.0,-0.0,0.0
2025-02-03 16:39:01,7.0,-10.0,13.0
2025-02-03 16:39:01,0.0,0.0,-0.01
2025-02-03 16:39:01,20.0,5.0,-37.0
2025-02-03 16:39:01,-0.0,0.0,-0.01
2025-02-03 16:39:01,-4.0,9.0,-36.0
2025-02-03 16:39:01,-0.0,-0.0,-0.0
2025-02-03 16:39:01,-1.0,-14.0,-16.0
2025-02-03 16:39:01,0.01,0.0,-0.0
2025-02-03 16:39:01,34.0,2.0,-3.0
2025-02-03 16:39:01,0.0,-0.0,0.01
2025-02-03 16:39:01,10.0,-11.0,25.0
2025-02-03 16:39:01,-0.0,0.0,-0.01
2025-02-03 16:39:01,-5.0,8.0,-28.0
2025-02-03 16:39:01,-0.0,0.0,-0.01
2025-02-03 16:39:01,-20.0,20.0,-35.0
2025-02-03 16:39:01,0.0,0.01,-0.0
2025-02-03 16:39:01,3.0,23.0,-15.0
2025-02-03 16:39:01,0.0,0.01,-0.0
2025-02-03 16:39:01,3.0,25.0,-14.0
2025-02-03 16:39:01,-0.0,0.0,0.0
2025-02-03 16:39:01,-15.0,13.0,9.0
2025-02-03 16:39:01,0.0,-0.0,-0.0
2025-02-03 16:39:01,6.0,-3.0,-12.0
2025-02-03 16:39:01,-0.0,0.0,0.01
2025-02-03 16:39:01,-10.0,9.0,23.0
2025-02-03 16:39:01,0.0,-0.0,-0.0
2025-02-03 16:39:01,4.0,-3.0,-8.0
2025-02-03 16:39:01,0.0,-0.0,0.0
2025-02-03 16:39:01,10.0,-1.0,8.0
2025-02-03 16:39:01,-0.0,0.0,0.0
2025-02-03 16:39:01,-13.0,1.0,13.0
2025-02-03 16:39:01,0.0,-0.0,0.0
2025-02-03 16:39:01,20.0,-10.0,13.0
2025-02-03 16:39:01,0.01,-0.0,0.01
2025-02-03 16:39:01,22.0,-15.0,37.0
2025-02-03 16:39:01,-0.0,0.01,0.0
2025-02-03 16:39:02,-1.0,22.0,2.0
2025-02-03 16:39:02,0.0,-0.0,0.01
2025-02-03 16:39:02,7.0,-4.0,40.0
2025-02-03 16:39:02,0.0,0.01,-0.0
2025-02-03 16:39:02,13.0,21.0,-5.0
2025-02-03 16:39:02,-0.0,0.0,-0.01
2025-02-03 16:39:02,-4.0,7.0,-40.0
2025-02-03 16:39:02,-0.0,0.0,-0.0
2025-02-03 16:39:02,-7.0,18.0,-10.0
2025-02-03 16:39:02,-0.0,0.0,0.0
2025-02-03 16:39:02,-19.0,2.0,1.0
2025-02-03 16:39:02,0.0,-0.0,0.0
2025-02-03 16:39:02,1.0,-16.0,10.0
2025-02-03 16:39:02,-0.0,-0.0,0.0
2025-02-03 16:39:02,-7.0,-7.0,15.0
2025-02-03 16:39:02,-0.0,0.0,-0.01
2025-02-03 16:39:02,-1.0,11.0,-22.0
2025-02-03 16:39:02,-0.01,0.0,0.0
2025-02-03 16:39:02,-26.0,9.0,18.0
2025-02-03 16:39:02,0.0,0.0,0.01
2025-02-03 16:39:02,16.0,8.0,27.0
2025-02-03 16:39:02,0.01,-0.0,0.0
2025-02-03 16:39:02,26.0,-17.0,6.0
2025-02-03 16:39:02,0.0,0.0,0.01
2025-02-03 16:39:02,6.0,6.0,21.0
2025-02-03 16:39:02,-0.0,0.0,-0.01
2025-02-03 16:39:02,-4.0,5.0,-31.0
2025-02-03 16:39:02,-0.0,-0.0,0.0
2025-02-03 16:39:02,-11.0,-3.0,0.0
2025-02-03 16:39:02,0.0,0.0,0.01
2025-02-03 16:39:02,1.0,2.0,23.0
2025-02-03 16:39:02,0.0,0.0,0.0
2025-02-03 16:39:02,8.0,10.0,14.0
2025-02-03 16:39:02,0.0,-0.0,-0.01
2025-02-03 16:39:02,1.0,-4.0,-35.0
2025-02-03 16:39:02,0.01,-0.0,-0.0
2025-02-03 16:39:02,21.0,-10.0,-1.0
2025-02-03 16:39:02,-0.0,0.0,-0.0
2025-02-03 16:39:02,-14.0,20.0,-18.0
2025-02-03 16:39:02,-0.0,0.0,0.0
2025-02-03 16:39:02,-16.0,12.0,10.0
2025-02-03 16:39:02,-0.0,0.0,-0.0
2025-02-03 16:39:02,-20.0,4.0,-12.0
2025-02-03 16:39:02,0.0,0.01,0.0
2025-02-03 16:39:02,1.0,38.0,16.0
2025-02-03 16:39:02,-0.0,-0.01,0.01
2025-02-03 16:39:02,-19.0,-21.0,27.0
2025-02-03 16:39:02,-0.0,-0.01,-0.0
2025-02-03 16:39:02,-1.0,-23.0,-17.0
2025-02-03 16:39:02,-0.0,0.0,0.0
2025-02-03 16:39:02,-12.0,8.0,0.0
2025-02-03 16:39:02,-0.0,0.0,-0.01
2025-02-03 16:39:02,-8.0,7.0,-27.0
2025-02-03 16:39:02,0.0,0.0,-0.01
2025-02-03 16:39:02,14.0,11.0,-26.0
2025-02-03 16:39:02,0.0,-0.0,-0.0
2025-02-03 16:39:02,9.0,-15.0,-20.0
2025-02-03 16:39:02,-0.0,0.0,-0.0
2025-02-03 16:39:02,-1.0,5.0,-3.0
2025-02-03 16:39:02,-0.0,-0.0,0.01
2025-02-03 16:39:02,-7.0,-4.0,37.0
2025-02-03 16:39:02,0.0,0.0,-0.0
2025-02-03 16:39:02,20.0,12.0,-1.0
2025-02-03 16:39:02,0.0,-0.0,-0.0
2025-02-03 16:39:02,17.0,-5.0,-1.0
2025-02-03 16:39:02,0.01,-0.0,-0.0
2025-02-03 16:39:02,32.0,-4.0,-13.0
2025-02-03 16:39:02,0.01,0.0,-0.01
2025-02-03 16:39:02,23.0,7.0,-21.0
2025-02-03 16:39:02,0.0,-0.01,-0.0
2025-02-03 16:39:02,16.0,-23.0,-18.0
2025-02-03 16:39:02,0.0,0.0,-0.0
2025-02-03 16:39:02,3.0,11.0,-4.0
2025-02-03 16:39:02,-0.0,0.0,0.0
2025-02-03 16:39:02,-9.0,0.0,10.0
2025-02-03 16:39:02,-0.0,0.0,-0.0
2025-02-03 16:39:02,-2.0,4.0,-19.0
2025-02-03 16:39:02,-0.0,-0.0,0.01
2025-02-03 16:39:02,-8.0,-1.0,24.0
2025-02-03 16:39:02,0.0,-0.0,0.0
2025-02-03 16:39:02,2.0,-2.0,1.0
2025-02-03 16:39:02,-0.01,-0.0,-0.01
2025-02-03 16:39:02,-45.0,-5.0,-24.0
2025-02-03 16:39:02,-0.0,-0.0,-0.0
2025-02-03 16:39:02,-20.0,-7.0,-17.0
2025-02-03 16:39:02,-0.0,-0.0,-0.0
2025-02-03 16:39:02,-17.0,-9.0,-5.0
2025-02-03 16:39:02,0.0,0.0,0.01
2025-02-03 16:39:02,16.0,16.0,29.0
2025-02-03 16:39:02,-0.0,0.0,0.0
2025-02-03 16:39:02,-10.0,11.0,1.0
2025-02-03 16:39:02,0.0,0.0,-0.01
2025-02-03 16:39:02,4.0,5.0,-28.0
2025-02-03 16:39:02,-0.01,0.0,-0.01
2025-02-03 16:39:02,-36.0,5.0,-27.0
2025-02-03 16:39:02,-0.0,0.0,-0.01
2025-02-03 16:39:02,-4.0,2.0,-32.0
2025-02-03 16:39:02,0.0,0.0,0.0
2025-02-03 16:39:02,2.0,17.0,2.0
2025-02-03 16:39:02,-0.0,-0.0,0.0
2025-02-03 16:39:02,-5.0,-6.0,10.0
2025-02-03 16:39:02,0.01,0.0,-0.0
2025-02-03 16:39:02,26.0,18.0,-15.0
2025-02-03 16:39:02,0.0,-0.01,-0.0
2025-02-03 16:39:02,3.0,-32.0,-12.0
2025-02-03 16:39:02,-0.01,0.0,-0.0
2025-02-03 16:39:02,-22.0,0.0,-3.0
2025-02-03 16:39:02,0.0,-0.0,-0.01
2025-02-03 16:39:02,8.0,-11.0,-21.0
2025-02-03 16:39:02,-0.0,0.0,0.0
2025-02-03 16:39:02,-20.0,12.0,14.0
2025-02-03 16:39:02,-0.01,-0.0,-0.0
2025-02-03 16:39:02,-23.0,-1.0,-11.0
2025-02-03 16:39:02,-0.01,0.0,0.0
2025-02-03 16:39:02,-21.0,5.0,19.0
2025-02-03 16:39:02,-0.0,0.0,0.0
2025-02-03 16:39:02,-12.0,3.0,1.0
2025-02-03 16:39:02,0.0,0.01,0.0
2025-02-03 16:39:02,6.0,21.0,2.0
2025-02-03 16:39:02,0.0,-0.0,0.0
2025-02-03 16:39:02,3.0,-9.0,7.0
2025-02-03 16:39:02,0.0,0.0,0.0
2025-02-03 16:39:02,13.0,2.0,13.0
2025-02-03 16:39:02,0.01,0.0,0.0
2025-02-03 16:39:02,26.0,11.0,19.0
2025-02-03 16:39:02,0.0,0.0,-0.01
2025-02-03 16:39:02,6.0,10.0,-30.0
2025-02-03 16:39:02,0.0,0.0,-0.01
2025-02-03 16:39:02,13.0,13.0,-21.0
2025-02-03 16:39:02,0.0,0.0,-0.01
2025-02-03 16:39:02,1.0,11.0,-26.0
2025-02-03 16:39:02,-0.0,-0.0,-0.0
2025-02-03 16:39:02,-4.0,-6.0,-6.0
2025-02-03 16:39:02,-0.0,0.0,0.0
2025-02-03 16:39:02,-15.0,2.0,19.0
2025-02-03 16:39:02,0.0,0.0,0.01
2025-02-03 16:39:02,10.0,13.0,31.0
2025-02-03 16:39:02,-0.0,0.0,-0.0
2025-02-03 16:39:02,-11.0,7.0,-12.0
2025-02-03 16:39:02,-0.0,0.0,-0.01
2025-02-03 16:39:02,-12.0,3.0,-46.0
2025-02-03 16:39:02,-0.0,-0.0,-0.0
2025-02-03 16:39:02,-1.0,-3.0,-8.0
2025-02-03 16:39:02,0.0,-0.0,0.0
2025-02-03 16:39:02,10.0,-10.0,4.0
2025-02-03 16:39:02,0.0,-0.0,-0.0
2025-02-03 16:39:02,4.0,-17.0,-1.0
2025-02-03 16:39:02,-0.0,-0.0,0.0
2025-02-03 16:39:02,-2.0,-8.0,2.0
2025-02-03 16:39:02,0.01,0.0,0.0
2025-02-03 16:39:02,32.0,5.0,5.0
2025-02-03 16:39:02,0.0,-0.0,-0.0
2025-02-03 16:39:02,19.0,-3.0,-1.0
2025-02-03 16:39:02,0.0,-0.0,-0.0
2025-02-03 16:39:02,18.0,-10.0,-7.0
2025-02-03 16:39:02,0.0,0.0,0.01
2025-02-03 16:39:02,9.0,9.0,28.0
2025-02-03 16:39:02,-0.0,0.0,-0.01
2025-02-03 16:39:02,-14.0,7.0,-21.0
2025-02-03 16:39:02,0.0,-0.0,0.0
2025-02-03 16:39:02,6.0,-6.0,3.0
2025-02-03 16:39:02,0.0,-0.0,0.0
2025-02-03 16:39:02,3.0,-4.0,8.0
2025-02-03 16:39:02,-0.0,0.0,-0.0
2025-02-03 16:39:02,-7.0,13.0,-7.0
2025-02-03 16:39:02,0.0,0.0,0.0
2025-02-03 16:39:02,3.0,14.0,15.0
2025-02-03 16:39:02,-0.01,0.0,0.0
2025-02-03 16:39:02,-21.0,10.0,13.0
2025-02-03 16:39:02,-0.0,0.0,0.01
2025-02-03 16:39:02,-14.0,3.0,21.0
2025-02-03 16:39:02,0.0,0.0,0.0
2025-02-03 16:39:02,14.0,9.0,16.0
2025-02-03 16:39:02,0.0,0.0,-0.0
2025-02-03 16:39:02,5.0,9.0,-19.0
2025-02-03 16:39:02,-0.01,0.0,-0.0
2025-02-03 16:39:02,-24.0,11.0,-5.0
2025-02-03 16:39:02,0.0,0.01,0.0
2025-02-03 16:39:02,14.0,31.0,16.0
2025-02-03 16:39:02,-0.0,0.0,-0.0
2025-02-03 16:39:02,-11.0,7.0,-17.0
2025-02-03 16:39:02,0.0,0.0,-0.01
2025-02-03 16:39:02,16.0,8.0,-39.0
2025-02-03 16:39:02,0.0,-0.0,0.0
2025-02-03 16:39:02,2.0,-1.0,7.0
2025-02-03 16:39:02,-0.0,-0.0,0.01
2025-02-03 16:39:02,-14.0,-9.0,22.0
2025-02-03 16:39:02,0.01,-0.0,-0.0
2025-02-03 16:39:02,24.0,-15.0,-7.0
2025-02-03 16:39:02,0.01,0.0,-0.01
2025-02-03 16:39:02,31.0,9.0,-23.0
2025-02-03 16:39:02,0.01,0.0,0.01
2025-02-03 16:39:02,30.0,12.0,24.0
2025-02-03 16:39:02,0.01,-0.0,0.0
2025-02-03 16:39:02,31.0,-14.0,2.0
2025-02-03 16:39:02,-0.0,0.01,-0.0
2025-02-03 16:39:02,-11.0,22.0,-16.0
2025-02-03 16:39:02,0.0,0.0,-0.01
2025-02-03 16:39:02,1.0,7.0,-28.0
2025-02-03 16:39:02,-0.0,-0.0,0.0
2025-02-03 16:39:02,-13.0,-5.0,18.0
2025-02-03 16:39:02,0.0,0.0,-0.0
2025-02-03 16:39:02,4.0,10.0,-5.0
2025-02-03 16:39:02,0.0,0.01,0.01
2025-02-03 16:39:02,3.0,25.0,34.0
2025-02-03 16:39:02,-0.0,0.0,-0.0
2025-02-03 16:39:02,-1.0,15.0,-20.0
2025-02-03 16:39:02,-0.0,-0.0,-0.0
2025-02-03 16:39:02,-8.0,-16.0,-7.0
2025-02-03 16:39:02,0.0,0.01,-0.0
2025-02-03 16:39:02,5.0,30.0,-15.0
2025-02-03 16:39:02,0.01,0.0,-0.0
2025-02-03 16:39:02,25.0,15.0,-5.0
2025-02-03 16:39:02,-0.0,-0.0,-0.0
2025-02-03 16:39:02,-2.0,-5.0,-17.0
2025-02-03 16:39:02,-0.0,0.0,0.0
2025-02-03 16:39:02,-17.0,18.0,20.0
2025-02-03 16:39:02,0.0,0.0,-0.0
2025-02-03 16:39:02,3.0,17.0,-6.0
2025-02-03 16:39:02,0.0,-0.0,0.01
2025-02-03 16:39:02,2.0,-3.0,33.0
2025-02-03 16:39:02,-0.0,-0.0,-0.01
2025-02-03 16:39:02,-6.0,-3.0,-31.0
2025-02-03 16:39:02,-0.0,-0.0,0.01
2025-02-03 16:39:02,-1.0,-12.0,26.0
2025-02-03 16:39:02,0.01,-0.0,0.01
2025-02-03 16:39:02,24.0,-10.0,28.0
2025-02-03 16:39:02,-0.0,0.01,0.0
2025-02-03 16:39:02,-2.0,25.0,6.0
2025-02-03 16:39:02,0.01,-0.0,0.0
2025-02-03 16:39:02,34.0,-10.0,8.0
2025-02-03 16:39:02,0.0,0.0,0.01
2025-02-03 16:39:02,2.0,3.0,29.0
2025-02-03 16:39:02,-0.0,0.0,0.0
2025-02-03 16:39:02,-20.0,4.0,0.0
2025-02-03 16:39:02,-0.01,0.01,-0.0
2025-02-03 16:39:02,-32.0,23.0,-2.0
2025-02-03 16:39:02,0.0,-0.0,0.01
2025-02-03 16:39:02,3.0,-16.0,21.0
2025-02-03 16:39:02,0.0,-0.0,-0.0
2025-02-03 16:39:02,5.0,-7.0,-9.0
2025-02-03 16:39:02,-0.0,0.0,0.01
2025-02-03 16:39:02,-18.0,2.0,33.0
2025-02-03 16:39:02,0.0,0.0,-0.0
2025-02-03 16:39:02,6.0,2.0,-8.0
2025-02-03 16:39:02,0.0,0.01,-0.0
2025-02-03 16:39:02,6.0,34.0,-10.0
2025-02-03 16:39:02,0.0,-0.0,-0.0
2025-02-03 16:39:02,1.0,-4.0,-1.0
2025-02-03 16:39:02,0.0,-0.0,-0.01
2025-02-03 16:39:02,6.0,-12.0,-39.0
2025-02-03 16:39:02,0.0,0.0,-0.01
2025-02-03 16:39:02,3.0,5.0,-34.0
2025-02-03 16:39:02,-0.01,0.0,-0.0
2025-02-03 16:39:02,-23.0,15.0,-6.0
2025-02-03 16:39:02,-0.01,0.01,-0.01
2025-02-03 16:39:02,-25.0,28.0,-22.0
2025-02-03 16:39:02,0.0,0.0,0.0
2025-02-03 16:39:02,1.0,9.0,11.0
2025-02-03 16:39:02,-0.0,0.01,-0.0
2025-02-03 16:39:02,-13.0,22.0,-19.0
2025-02-03 16:39:02,0.0,-0.0,-0.0
2025-02-03 16:39:02,2.0,-13.0,-16.0
2025-02-03 16:39:02,-0.0,0.0,-0.01
2025-02-03 16:39:02,-8.0,6.0,-26.0
2025-02-03 16:39:02,-0.0,0.01,-0.0
2025-02-03 16:39:02,-14.0,23.0,-20.0
2025-02-03 16:39:02,-0.0,-0.0,-0.0
2025-02-03 16:39:02,-11.0,-6.0,-12.0
2025-02-03 16:39:02,-0.0,0.0,0.01
2025-02-03 16:39:02,-14.0,0.0,28.0
2025-02-03 16:39:02,-0.0,-0.01,0.0
2025-02-03 16:39:02,-12.0,-26.0,7.0
2025-02-03 16:39:02,-0.0,-0.0,0.0
2025-02-03 16:39:02,-17.0,-1.0,4.0
2025-02-03 16:39:02,-0.0,0.0,-0.01
2025-02-03 16:39:02,-11.0,4.0,-22.0
2025-02-03 16:39:02,0.0,0.0,-0.0
2025-02-03 16:39:02,1.0,0.0,-2.0
2025-02-03 16:39:02,0.0,-0.0,-0.01
2025-02-03 16:39:02,20.0,-16.0,-35.0
2025-02-03 16:39:02,0.0,0.01,-0.0
2025-02-03 16:39:02,9.0,21.0,-12.0
2025-02-03 16:39:02,-0.0,0.0,0.01
2025-02-03 16:39:02,-14.0,1.0,22.0
2025-02-03 16:39:02,0.0,-0.0,-0.0
2025-02-03 16:39:02,9.0,-4.0,-9.0
2025-02-03 16:39:02,-0.0,-0.0,-0.01
2025-02-03 16:39:02,-3.0,-4.0,-42.0
2025-02-03 16:39:02,-0.01,0.01,-0.01
2025-02-03 16:39:02,-26.0,33.0,-38.0
2025-02-03 16:39:02,0.0,0.0,-0.0
2025-02-03 16:39:02,18.0,11.0,-16.0
2025-02-03 16:39:02,-0.0,-0.0,-0.0
2025-02-03 16:39:02,-1.0,-9.0,-1.0
2025-02-03 16:39:02,-0.0,-0.0,-0.01
2025-02-03 16:39:02,-18.0,-10.0,-31.0
2025-02-03 16:39:02,-0.01,-0.0,0.0
2025-02-03 16:39:02,-29.0,-10.0,6.0
2025-02-03 16:39:02,0.0,0.0,-0.01
2025-02-03 16:39:02,2.0,2.0,-22.0
2025-02-03 16:39:02,0.0,-0.0,-0.0
2025-02-03 16:39:02,15.0,-16.0,-9.0
2025-02-03 16:39:02,-0.0,0.0,-0.0
2025-02-03 16:39:02,-15.0,4.0,-17.0
2025-02-03 16:39:02,-0.0,0.0,0.0
2025-02-03 16:39:02,-5.0,13.0,6.0
2025-02-03 16:39:02,-0.0,0.0,-0.0
2025-02-03 16:39:02,-2.0,1.0,-19.0
2025-02-03 16:39:02,0.0,0.0,-0.01
2025-02-03 16:39:02,2.0,0.0,-46.0
2025-02-03 16:39:02,0.0,0.0,-0.0
2025-02-03 16:39:02,6.0,1.0,-19.0
2025-02-03 16:39:02,-0.0,0.0,0.0
2025-02-03 16:39:02,-14.0,0.0,1.0
2025-02-03 16:39:02,-0.0,-0.0,-0.01
2025-02-03 16:39:02,-4.0,-4.0,-21.0
2025-02-03 16:39:02,0.01,0.0,-0.0
2025-02-03 16:39:02,27.0,14.0,-15.0
2025-02-03 16:39:02,0.0,-0.0,-0.01
2025-02-03 16:39:02,13.0,-6.0,-26.0
2025-02-03 16:39:02,-0.0,-0.0,-0.0
2025-02-03 16:39:02,-11.0,-5.0,-10.0
2025-02-03 16:39:02,-0.0,-0.0,-0.0
2025-02-03 16:39:02,-15.0,-3.0,-16.0
2025-02-03 16:39:02,-0.0,0.0,-0.0
2025-02-03 16:39:02,-20.0,17.0,-8.0
2025-02-03 16:39:02,0.0,0.0,-0.0
2025-02-03 16:39:02,2.0,0.0,-5.0
2025-02-03 16:39:02,-0.01,0.01,-0.01
2025-02-03 16:39:02,-24.0,21.0,-42.0
2025-02-03 16:39:02,-0.0,0.0,-0.01
2025-02-03 16:39:02,-3.0,18.0,-44.0
2025-02-03 16:39:02,-0.0,-0.0,0.0
2025-02-03 16:39:02,-15.0,-8.0,8.0
2025-02-03 16:39:02,-0.0,-0.0,-0.0
2025-02-03 16:39:02,-19.0,-8.0,-11.0
2025-02-03 16:39:02,0.0,0.0,0.01
2025-02-03 16:39:02,9.0,0.0,50.0
2025-02-03 16:39:03,0.0,0.0,0.01
2025-02-03 16:39:03,15.0,7.0,38.0
2025-02-03 16:39:03,0.0,0.0,-0.0
2025-02-03 16:39:03,3.0,0.0,-13.0
2025-02-03 16:39:03,0.0,0.0,-0.01
2025-02-03 16:39:03,16.0,6.0,-25.0
2025-02-03 16:39:03,0.0,0.0,0.0
2025-02-03 16:39:03,18.0,8.0,15.0
2025-02-03 16:39:03,0.0,-0.0,0.01
2025-02-03 16:39:03,15.0,-8.0,22.0
2025-02-03 16:39:03,0.0,-0.0,-0.0
2025-02-03 16:39:03,3.0,-16.0,-8.0
2025-02-03 16:39:03,-0.0,0.0,0.0
2025-02-03 16:39:03,-7.0,4.0,15.0
2025-02-03 16:39:03,-0.01,0.0,0.01
2025-02-03 16:39:03,-31.0,12.0,27.0
2025-02-03 16:39:03,-0.0,0.0,0.0
2025-02-03 16:39:03,-4.0,2.0,18.0
2025-02-03 16:39:03,0.01,-0.0,-0.0
2025-02-03 16:39:03,26.0,-12.0,-5.0
2025-02-03 16:39:03,-0.0,-0.0,0.0
2025-02-03 16:39:03,-7.0,-4.0,4.0
2025-02-03 16:39:03,0.0,-0.0,-0.0
2025-02-03 16:39:03,8.0,-7.0,-5.0
2025-02-03 16:39:03,-0.01,0.0,-0.01
2025-02-03 16:39:03,-21.0,1.0,-30.0
2025-02-03 16:39:03,-0.0,-0.0,-0.0
2025-02-03 16:39:03,-10.0,-1.0,-4.0
2025-02-03 16:39:03,-0.0,0.0,0.0
2025-02-03 16:39:03,-2.0,2.0,11.0
2025-02-03 16:39:03,0.0,-0.0,-0.01
2025-02-03 16:39:03,6.0,-9.0,-40.0
2025-02-03 16:39:03,-0.01,0.0,0.0
2025-02-03 16:39:03,-29.0,4.0,14.0
2025-02-03 16:39:03,-0.0,0.0,-0.0
2025-02-03 16:39:03,-8.0,10.0,-3.0
2025-02-03 16:39:03,0.0,-0.0,0.01
2025-02-03 16:39:03,5.0,-15.0,37.0
2025-02-03 16:39:03,0.01,-0.0,0.0
2025-02-03 16:39:03,30.0,-12.0,4.0
2025-02-03 16:39:03,0.01,0.0,0.0
2025-02-03 16:39:03,23.0,18.0,8.0
2025-02-03 16:39:03,0.01,-0.0,0.01
2025-02-03 16:39:03,28.0,-14.0,25.0
2025-02-03 16:39:03,-0.0,-0.0,-0.0
2025-02-03 16:39:03,-1.0,-11.0,-13.0
2025-02-03 16:39:03,-0.0,0.0,-0.0
2025-02-03 16:39:03,-15.0,3.0,-3.0
2025-02-03 16:39:03,-0.0,0.01,0.0
2025-02-03 16:39:03,-11.0,55.0,8.0
2025-02-03 16:39:03,-0.0,0.01,-0.01
2025-02-03 16:39:03,-3.0,30.0,-39.0
2025-02-03 16:39:03,0.0,0.01,-0.0
2025-02-03 16:39:03,11.0,21.0,-1.0
2025-02-03 16:39:03,-0.01,-0.0,0.0
2025-02-03 16:39:03,-25.0,-13.0,4.0
2025-02-03 16:39:03,-0.01,0.0,-0.0
2025-02-03 16:39:03,-22.0,11.0,-13.0
2025-02-03 16:39:03,-0.0,-0.0,-0.01
2025-02-03 16:39:03,-17.0,-9.0,-31.0
2025-02-03 16:39:03,-0.0,0.0,-0.0
2025-02-03 16:39:03,-7.0,13.0,-5.0
2025-02-03 16:39:03,0.0,0.0,-0.0
2025-02-03 16:39:03,2.0,14.0,-9.0
2025-02-03 16:39:03,0.01,-0.0,0.01
2025-02-03 16:39:03,22.0,-8.0,24.0
2025-02-03 16:39:03,0.0,-0.0,-0.0
2025-02-03 16:39:03,13.0,-14.0,-8.0
2025-02-03 16:39:03,0.0,0.0,0.01
2025-02-03 16:39:03,17.0,2.0,31.0
2025-02-03 16:39:03,-0.0,-0.0,0.0
2025-02-03 16:39:03,-18.0,-12.0,2.0
2025-02-03 16:39:03,0.0,0.0,-0.01
2025-02-03 16:39:03,8.0,7.0,-24.0
2025-02-03 16:39:03,0.0,0.01,-0.0
2025-02-03 16:39:03,7.0,32.0,-6.0
2025-02-03 16:39:03,0.0,0.01,0.0
2025-02-03 16:39:03,6.0,27.0,2.0
2025-02-03 16:39:03,0.0,0.0,0.0
2025-02-03 16:39:03,10.0,2.0,17.0
2025-02-03 16:39:03,0.01,-0.0,-0.0
2025-02-03 16:39:03,35.0,-3.0,-11.0
2025-02-03 16:39:03,0.0,0.0,-0.01
2025-02-03 16:39:03,9.0,5.0,-33.0
2025-02-03 16:39:03,-0.0,0.0,-0.0
2025-02-03 16:39:03,-12.0,18.0,-19.0
2025-02-03 16:39:03,-0.0,0.01,0.0
2025-02-03 16:39:03,-19.0,23.0,4.0
2025-02-03 16:39:03,-0.01,0.01,0.0
2025-02-03 16:39:03,-26.0,32.0,3.0
2025-02-03 16:39:03,-0.01,0.0,0.0
2025-02-03 16:39:03,-22.0,14.0,14.0
2025-02-03 16:39:03,-0.01,-0.0,0.0
2025-02-03 16:39:03,-21.0,-6.0,11.0
2025-02-03 16:39:03,-0.0,0.0,0.0
2025-02-03 16:39:03,-12.0,0.0,11.0
2025-02-03 16:39:03,-0.01,0.0,-0.01
2025-02-03 16:39:03,-23.0,2.0,-29.0
2025-02-03 16:39:03,0.0,0.0,-0.01
2025-02-03 16:39:03,11.0,0.0,-30.0
2025-02-03 16:39:03,0.0,-0.0,-0.0
2025-02-03 16:39:03,14.0,-8.0,-2.0
2025-02-03 16:39:03,-0.0,-0.0,0.0
2025-02-03 16:39:03,-4.0,-5.0,9.0
2025-02-03 16:39:03,0.0,-0.0,-0.0
2025-02-03 16:39:03,8.0,-3.0,-4.0
2025-02-03 16:39:03,0.0,-0.0,0.0
2025-02-03 16:39:03,17.0,-4.0,10.0
2025-02-03 16:39:03,-0.0,0.0,-0.01
2025-02-03 16:39:03,-11.0,5.0,-27.0
2025-02-03 16:39:03,0.0,-0.0,0.0
2025-02-03 16:39:03,7.0,-20.0,15.0
2025-02-03 16:39:03,-0.0,0.0,0.0
2025-02-03 16:39:03,-4.0,10.0,16.0
2025-02-03 16:39:03,0.0,0.0,-0.01
2025-02-03 16:39:03,6.0,0.0,-23.0
2025-02-03 16:39:03,-0.0,-0.0,0.0
2025-02-03 16:39:03,-7.0,-10.0,11.0
2025-02-03 16:39:03,0.0,0.0,-0.0
2025-02-03 16:39:03,4.0,16.0,-20.0
2025-02-03 16:39:03,-0.0,-0.0,0.0
2025-02-03 16:39:03,-19.0,-13.0,4.0
2025-02-03 16:39:03,0.0,-0.0,0.0
2025-02-03 16:39:03,3.0,-9.0,1.0
2025-02-03 16:39:03,0.0,-0.0,-0.0
2025-02-03 16:39:03,4.0,-3.0,-7.0
2025-02-03 16:39:03,0.0,-0.0,-0.0
2025-02-03 16:39:03,2.0,-1.0,-4.0
2025-02-03 16:39:03,-0.0,0.0,0.0
2025-02-03 16:39:03,-10.0,0.0,2.0
2025-02-03 16:39:03,-0.0,-0.0,-0.01
2025-02-03 16:39:03,-14.0,-3.0,-33.0
2025-02-03 16:39:03,-0.0,-0.0,0.01
2025-02-03 16:39:03,-8.0,-6.0,24.0
2025-02-03 16:39:03,-0.0,-0.0,0.0
2025-02-03 16:39:03,-8.0,-5.0,12.0
2025-02-03 16:39:03,0.0,-0.0,0.0
2025-02-03 16:39:03,14.0,-5.0,20.0
2025-02-03 16:39:03,0.0,0.0,-0.0
2025-02-03 16:39:03,13.0,8.0,-15.0
2025-02-03 16:39:03,-0.0,0.0,0.0
2025-02-03 16:39:03,-6.0,11.0,14.0
2025-02-03 16:39:03,0.01,0.0,0.0
2025-02-03 16:39:03,21.0,2.0,7.0
2025-02-03 16:39:03,0.0,0.0,-0.01
2025-02-03 16:39:03,8.0,3.0,-31.0
2025-02-03 16:39:03,0.0,0.0,-0.0
2025-02-03 16:39:03,6.0,11.0,-4.0
2025-02-03 16:39:03,-0.01,-0.0,0.0
2025-02-03 16:39:03,-31.0,-3.0,3.0
2025-02-03 16:39:03,0.0,0.0,0.0
2025-02-03 16:39:03,14.0,5.0,17.0
2025-02-03 16:39:03,-0.0,-0.0,-0.01
2025-02-03 16:39:03,-6.0,-11.0,-21.0
2025-02-03 16:39:03,0.0,0.0,0.0
2025-02-03 16:39:03,1.0,6.0,7.0
2025-02-03 16:39:03,-0.0,-0.01,0.0
2025-02-03 16:39:03,-4.0,-21.0,5.0
2025-02-03 16:39:03,-0.0,-0.0,0.0
2025-02-03 16:39:03,-19.0,-5.0,13.0
2025-02-03 16:39:03,-0.0,-0.0,-0.0
2025-02-03 16:39:03,-1.0,-8.0,-16.0
2025-02-03 16:39:03,-0.01,0.0,0.0
2025-02-03 16:39:03,-36.0,6.0,17.0
2025-02-03 16:39:03,-0.0,0.0,-0.01
2025-02-03 16:39:03,-8.0,8.0,-27.0
2025-02-03 16:39:03,0.0,0.0,-0.0
2025-02-03 16:39:03,3.0,4.0,-6.0
2025-02-03 16:39:03,-0.01,0.0,-0.0
2025-02-03 16:39:03,-41.0,2.0,-14.0
2025-02-03 16:39:03,0.0,-0.0,0.0
2025-02-03 16:39:03,1.0,-7.0,1.0
2025-02-03 16:39:03,0.0,0.0,-0.0
2025-02-03 16:39:03,3.0,11.0,-9.0
2025-02-03 16:39:03,0.0,0.0,-0.01
2025-02-03 16:39:03,6.0,18.0,-26.0
2025-02-03 16:39:03,-0.0,-0.0,0.0
2025-02-03 16:39:03,-11.0,-1.0,8.0
2025-02-03 16:39:03,-0.0,0.0,-0.0
2025-02-03 16:39:03,-13.0,7.0,-5.0
2025-02-03 16:39:03,-0.0,0.0,0.0
2025-02-03 16:39:03,-4.0,3.0,19.0
2025-02-03 16:39:03,0.0,0.0,0.0
2025-02-03 16:39:03,11.0,8.0,9.0
2025-02-03 16:39:03,0.0,-0.0,-0.0
2025-02-03 16:39:03,14.0,-13.0,-18.0
2025-02-03 16:39:03,-0.0,-0.0,-0.0
2025-02-03 16:39:03,-4.0,-3.0,-1.0
2025-02-03 16:39:03,0.0,0.0,-0.01
2025-02-03 16:39:03,1.0,8.0,-24.0
2025-02-03 16:39:03,0.0,0.0,-0.01
2025-02-03 16:39:03,7.0,6.0,-27.0
2025-02-03 16:39:03,0.0,0.0,0.0
2025-02-03 16:39:03,7.0,18.0,10.0
2025-02-03 16:39:03,0.01,0.0,-0.01
2025-02-03 16:39:03,31.0,2.0,-29.0
2025-02-03 16:39:03,0.0,0.0,0.0
2025-02-03 16:39:03,10.0,12.0,0.0
2025-02-03 16:39:03,-0.0,-0.0,-0.01
2025-02-03 16:39:03,-17.0,-16.0,-25.0
2025-02-03 16:39:03,-0.01,0.01,-0.0
2025-02-03 16:39:03,-45.0,28.0,-20.0
2025-02-03 16:39:03,-0.0,0.0,0.01
2025-02-03 16:39:03,-16.0,3.0,35.0
2025-02-03 16:39:03,-0.0,0.0,0.0
2025-02-03 16:39:03,-8.0,2.0,1.0
2025-02-03 16:39:03,-0.0,-0.0,-0.0
2025-02-03 16:39:03,-4.0,-8.0,-10.0
2025-02-03 16:39:03,0.0,-0.0,-0.01
2025-02-03 16:39:03,4.0,-9.0,-33.0
2025-02-03 16:39:03,-0.0,0.0,-0.0
2025-02-03 16:39:03,-7.0,2.0,-18.0
2025-02-03 16:39:03,-0.0,0.0,0.0
2025-02-03 16:39:03,-7.0,8.0,17.0
2025-02-03 16:39:03,-0.0,-0.0,0.0
2025-02-03 16:39:03,-5.0,-1.0,4.0
2025-02-03 16:39:03,0.0,0.01,0.0
2025-02-03 16:39:03,1.0,24.0,6.0
2025-02-03 16:39:03,0.0,0.01,-0.0
2025-02-03 16:39:03,17.0,34.0,-11.0
2025-02-03 16:39:03,0.0,-0.0,-0.01
2025-02-03 16:39:03,10.0,-4.0,-24.0
2025-02-03 16:39:03,0.01,-0.0,-0.01
2025-02-03 16:39:03,22.0,-10.0,-28.0
2025-02-03 16:39:03,0.0,0.0,0.0
2025-02-03 16:39:03,2.0,7.0,15.0
2025-02-03 16:39:03,0.0,0.01,0.0
2025-02-03 16:39:03,4.0,23.0,1.0
2025-02-03 16:39:03,0.01,-0.0,0.0
2025-02-03 16:39:03,27.0,-17.0,3.0
2025-02-03 16:39:03,-0.0,0.0,0.0
2025-02-03 16:39:03,-9.0,2.0,2.0
2025-02-03 16:39:03,0.0,0.0,-0.0
2025-02-03 16:39:03,10.0,18.0,-10.0
2025-02-03 16:39:03,0.0,0.0,-0.0
2025-02-03 16:39:03,1.0,5.0,-2.0
2025-02-03 16:39:03,-0.0,0.0,-0.0
2025-02-03 16:39:03,-6.0,7.0,-12.0
2025-02-03 16:39:03,-0.0,0.0,-0.0
2025-02-03 16:39:03,-17.0,1.0,-16.0
2025-02-03 16:39:03,-0.0,0.01,-0.0
2025-02-03 16:39:03,-8.0,38.0,-19.0
2025-02-03 16:39:03,-0.0,0.0,0.0
2025-02-03 16:39:03,-1.0,1.0,6.0
2025-02-03 16:39:03,-0.0,-0.0,0.0
2025-02-03 16:39:03,-20.0,-9.0,6.0
2025-02-03 16:39:03,-0.0,-0.0,-0.0
2025-02-03 16:39:03,-1.0,-1.0,-5.0
2025-02-03 16:39:03,-0.0,0.0,-0.0
2025-02-03 16:39:03,-17.0,8.0,-3.0
2025-02-03 16:39:03,-0.01,-0.0,-0.01
2025-02-03 16:39:03,-27.0,-17.0,-37.0
2025-02-03 16:39:03,0.01,-0.0,-0.0
2025-02-03 16:39:03,23.0,-5.0,-17.0
2025-02-03 16:39:03,0.01,-0.01,-0.0
2025-02-03 16:39:03,22.0,-24.0,-20.0
2025-02-03 16:39:03,0.0,0.0,-0.01
2025-02-03 16:39:03,4.0,12.0,-21.0
2025-02-03 16:39:03,0.0,-0.0,0.0
2025-02-03 16:39:03,14.0,-17.0,10.0
2025-02-03 16:39:03,0.01,-0.0,-0.0
2025-02-03 16:39:03,21.0,-1.0,-5.0
2025-02-03 16:39:03,-0.0,0.0,-0.01
2025-02-03 16:39:03,-16.0,6.0,-43.0
2025-02-03 16:39:03,-0.0,0.0,0.0
2025-02-03 16:39:03,-13.0,14.0,2.0
2025-02-03 16:39:03,-0.0,0.0,0.0
2025-02-03 16:39:03,-13.0,2.0,11.0
2025-02-03 16:39:03,-0.0,0.01,0.01
2025-02-03 16:39:03,-19.0,28.0,25.0
2025-02-03 16:39:03,0.0,0.0,-0.0
2025-02-03 16:39:03,17.0,7.0,-13.0
2025-02-03 16:39:03,0.01,0.01,0.01
2025-02-03 16:39:03,25.0,35.0,21.0
2025-02-03 16:39:03,0.0,0.0,-0.01
2025-02-03 16:39:03,3.0,2.0,-60.0
2025-02-03 16:39:03,0.0,0.0,-0.02
2025-02-03 16:39:03,11.0,3.0,-81.0
2025-02-03 16:39:03,0.0,0.01,0.0
2025-02-03 16:39:03,7.0,24.0,9.0
2025-02-03 16:39:03,0.0,0.0,0.01
2025-02-03 16:39:03,0.0,17.0,46.0
2025-02-03 16:39:03,0.01,0.0,-0.01
2025-02-03 16:39:03,23.0,17.0,-34.0
2025-02-03 16:39:03,-0.01,0.0,0.01
2025-02-03 16:39:03,-42.0,2.0,42.0
2025-02-03 16:39:03,-0.01,-0.0,0.01
2025-02-03 16:39:03,-35.0,-1.0,26.0
2025-02-03 16:39:03,-0.01,-0.0,0.03
2025-02-03 16:39:03,-46.0,-4.0,130.0
2025-02-03 16:39:03,0.01,-0.0,0.0
2025-02-03 16:39:03,48.0,-6.0,7.0
2025-02-03 16:39:03,0.01,-0.01,-0.01
2025-02-03 16:39:03,52.0,-38.0,-25.0
2025-02-03 16:39:03,0.01,-0.0,-0.02
2025-02-03 16:39:03,51.0,-18.0,-99.0
2025-02-03 16:39:03,-0.0,0.01,0.02
2025-02-03 16:39:03,-19.0,27.0,65.0
2025-02-03 16:39:03,0.01,0.01,0.0
2025-02-03 16:39:03,26.0,25.0,6.0
2025-02-03 16:39:03,-0.01,-0.0,-0.01
2025-02-03 16:39:03,-35.0,-4.0,-27.0
2025-02-03 16:39:03,-0.0,-0.0,-0.0
2025-02-03 16:39:03,-9.0,-17.0,-9.0
2025-02-03 16:39:03,-0.0,0.0,0.0
2025-02-03 16:39:03,-16.0,9.0,11.0
2025-02-03 16:39:03,-0.0,0.01,0.01
2025-02-03 16:39:03,-19.0,26.0,23.0
2025-02-03 16:39:03,-0.01,0.01,-0.01
2025-02-03 16:39:03,-28.0,23.0,-21.0
2025-02-03 16:39:03,0.0,0.0,-0.01
2025-02-03 16:39:03,8.0,11.0,-25.0
2025-02-03 16:39:03,-0.01,-0.0,-0.0
2025-02-03 16:39:03,-22.0,-19.0,-7.0
2025-02-03 16:39:03,-0.0,0.0,-0.01
2025-02-03 16:39:03,-5.0,9.0,-30.0
2025-02-03 16:39:03,-0.01,-0.0,-0.0
2025-02-03 16:39:03,-26.0,-11.0,-1.0
2025-02-03 16:39:03,-0.01,0.0,-0.01
2025-02-03 16:39:03,-23.0,15.0,-24.0
2025-02-03 16:39:03,-0.0,0.0,0.0
2025-02-03 16:39:03,-4.0,9.0,16.0
2025-02-03 16:39:03,0.0,0.0,0.0
2025-02-03 16:39:03,4.0,13.0,15.0
2025-02-03 16:39:03,-0.01,0.0,-0.0
2025-02-03 16:39:03,-29.0,5.0,-2.0
2025-02-03 16:39:03,0.0,-0.0,0.01
2025-02-03 16:39:03,3.0,-2.0,23.0
2025-02-03 16:39:03,0.0,-0.0,0.0
2025-02-03 16:39:03,3.0,-4.0,18.0
2025-02-03 16:39:03,0.0,0.0,0.0
2025-02-03 16:39:03,18.0,17.0,18.0
2025-02-03 16:39:03,0.0,-0.0,0.0
2025-02-03 16:39:03,15.0,-5.0,1.0
2025-02-03 16:39:03,0.0,-0.0,0.01
2025-02-03 16:39:03,13.0,-14.0,35.0
2025-02-03 16:39:03,0.01,0.0,-0.01
2025-02-03 16:39:03,25.0,2.0,-27.0
2025-02-03 16:39:03,0.0,-0.01,0.0
2025-02-03 16:39:03,12.0,-28.0,5.0
2025-02-03 16:39:04,-0.0,0.0,0.0
2025-02-03 16:39:04,-10.0,16.0,15.0
2025-02-03 16:39:04,-0.0,0.0,-0.01
2025-02-03 16:39:04,-1.0,8.0,-25.0
2025-02-03 16:39:04,0.0,0.0,-0.0
2025-02-03 16:39:04,14.0,18.0,-9.0
2025-02-03 16:39:04,-0.0,0.01,0.0
2025-02-03 16:39:04,-8.0,31.0,2.0
2025-02-03 16:39:04,-0.01,0.0,-0.0
2025-02-03 16:39:04,-23.0,14.0,-20.0
2025-02-03 16:39:04,-0.0,0.0,-0.0
2025-02-03 16:39:04,-4.0,5.0,-19.0
2025-02-03 16:39:04,-0.0,0.0,0.01
2025-02-03 16:39:04,-5.0,3.0,24.0
2025-02-03 16:39:04,-0.0,-0.01,-0.0
2025-02-03 16:39:04,-10.0,-22.0,-19.0
2025-02-03 16:39:04,0.0,0.01,-0.0
2025-02-03 16:39:04,1.0,21.0,-8.0
2025-02-03 16:39:04,0.0,-0.0,-0.01
2025-02-03 16:39:04,13.0,-4.0,-42.0
2025-02-03 16:39:04,-0.0,0.0,-0.0
2025-02-03 16:39:04,-12.0,19.0,-15.0
2025-02-03 16:39:04,0.0,0.0,0.0
2025-02-03 16:39:04,0.0,7.0,4.0
2025-02-03 16:39:04,0.0,0.0,0.0
2025-02-03 16:39:04,8.0,17.0,9.0
2025-02-03 16:39:04,-0.0,-0.01,-0.0
2025-02-03 16:39:04,-10.0,-27.0,-3.0
2025-02-03 16:39:04,0.01,0.0,0.0
2025-02-03 16:39:04,22.0,13.0,7.0
2025-02-03 16:39:04,-0.0,0.01,0.0
2025-02-03 16:39:04,-9.0,21.0,3.0
2025-02-03 16:39:04,-0.0,0.0,0.01
2025-02-03 16:39:04,-10.0,7.0,24.0
2025-02-03 16:39:04,0.0,0.0,-0.0
2025-02-03 16:39:04,5.0,8.0,-4.0
2025-02-03 16:39:04,0.0,0.0,-0.0
2025-02-03 16:39:04,9.0,1.0,-7.0
2025-02-03 16:39:04,0.0,0.0,0.0
2025-02-03 16:39:04,16.0,9.0,17.0
2025-02-03 16:39:04,0.0,-0.0,0.0
2025-02-03 16:39:04,9.0,-12.0,8.0
2025-02-03 16:39:04,-0.0,-0.0,-0.01
2025-02-03 16:39:04,-11.0,-16.0,-32.0
2025-02-03 16:39:04,-0.01,0.0,0.01
2025-02-03 16:39:04,-30.0,11.0,27.0
2025-02-03 16:39:04,-0.01,-0.0,-0.0
2025-02-03 16:39:04,-29.0,-4.0,-18.0
2025-02-03 16:39:04,-0.01,-0.0,0.0
2025-02-03 16:39:04,-29.0,-1.0,3.0
2025-02-03 16:39:04,-0.0,-0.0,0.01
2025-02-03 16:39:04,-15.0,-16.0,34.0
2025-02-03 16:39:04,-0.0,-0.0,-0.0
2025-02-03 16:39:04,-4.0,-18.0,-9.0
2025-02-03 16:39:04,0.0,-0.0,-0.0
2025-02-03 16:39:04,11.0,-8.0,-7.0
2025-02-03 16:39:04,0.0,0.0,-0.0
2025-02-03 16:39:04,15.0,9.0,-10.0
2025-02-03 16:39:04,0.0,-0.0,-0.0
2025-02-03 16:39:04,11.0,-14.0,-19.0
2025-02-03 16:39:04,0.0,0.0,0.01
2025-02-03 16:39:04,7.0,1.0,45.0
2025-02-03 16:39:04,-0.0,0.01,-0.02
2025-02-03 16:39:04,-19.0,26.0,-71.0
2025-02-03 16:39:04,0.0,0.0,0.0
2025-02-03 16:39:04,16.0,5.0,2.0
2025-02-03 16:39:04,-0.0,-0.0,0.0
2025-02-03 16:39:04,-11.0,-10.0,20.0
2025-02-03 16:39:04,0.0,0.0,0.01
2025-02-03 16:39:04,8.0,8.0,21.0
2025-02-03 16:39:04,0.01,0.0,0.01
2025-02-03 16:39:04,22.0,2.0,25.0
2025-02-03 16:39:04,0.01,0.0,0.0
2025-02-03 16:39:04,27.0,0.0,8.0
2025-02-03 16:39:04,0.0,0.01,-0.0
2025-02-03 16:39:04,11.0,31.0,-4.0
2025-02-03 16:39:04,-0.0,0.0,-0.0
2025-02-03 16:39:04,-8.0,8.0,-4.0
2025-02-03 16:39:04,-0.0,0.0,0.0
2025-02-03 16:39:04,-6.0,13.0,14.0
2025-02-03 16:39:04,-0.0,-0.0,0.0
2025-02-03 16:39:04,-6.0,-3.0,7.0
2025-02-03 16:39:04,0.01,-0.0,-0.01
2025-02-03 16:39:04,43.0,-8.0,-47.0
2025-02-03 16:39:04,-0.03,0.01,0.04
2025-02-03 16:39:04,-104.0,54.0,176.0
2025-02-03 16:39:04,-0.01,0.01,-0.0
2025-02-03 16:39:04,-52.0,38.0,-15.0
2025-02-03 16:39:04,-0.04,-0.0,0.11
2025-02-03 16:39:04,-177.0,-17.0,452.0
2025-02-03 16:39:04,0.03,0.01,-0.05
2025-02-03 16:39:04,110.0,25.0,-216.0
2025-02-03 16:39:04,-0.0,-0.01,-0.02
2025-02-03 16:39:04,-17.0,-23.0,-77.0
2025-02-03 16:39:04,0.02,-0.0,-0.01
2025-02-03 16:39:04,66.0,-9.0,-55.0
2025-02-03 16:39:04,-0.01,0.01,0.04
2025-02-03 16:39:04,-25.0,28.0,154.0
2025-02-03 16:39:04,0.0,0.0,-0.01
2025-02-03 16:39:04,18.0,8.0,-47.0
2025-02-03 16:39:04,0.02,-0.01,-0.02
2025-02-03 16:39:04,64.0,-43.0,-69.0
2025-02-03 16:39:04,-0.0,-0.0,0.01
2025-02-03 16:39:04,-16.0,-15.0,51.0
2025-02-03 16:39:04,-0.0,0.01,0.01
2025-02-03 16:39:04,-2.0,22.0,29.0
2025-02-03 16:39:04,-0.01,-0.01,0.02
2025-02-03 16:39:04,-41.0,-34.0,86.0
2025-02-03 16:39:04,0.01,0.0,0.0
2025-02-03 16:39:04,49.0,4.0,19.0
2025-02-03 16:39:04,-0.01,0.0,0.0
2025-02-03 16:39:04,-37.0,1.0,6.0
2025-02-03 16:39:04,-0.01,0.01,0.0
2025-02-03 16:39:04,-35.0,23.0,5.0
2025-02-03 16:39:04,-0.0,-0.0,-0.01
2025-02-03 16:39:04,-16.0,-4.0,-45.0
2025-02-03 16:39:04,-0.0,0.0,0.0
2025-02-03 16:39:04,-5.0,6.0,0.0
2025-02-03 16:39:04,0.0,0.01,0.01
2025-02-03 16:39:04,2.0,25.0,31.0
2025-02-03 16:39:04,-0.01,0.0,0.01
2025-02-03 16:39:04,-26.0,6.0,31.0
2025-02-03 16:39:04,0.0,0.01,-0.01
2025-02-03 16:39:04,17.0,22.0,-24.0
2025-02-03 16:39:04,-0.0,0.0,-0.01
2025-02-03 16:39:04,-3.0,6.0,-24.0
2025-02-03 16:39:04,0.0,0.0,0.0
2025-02-03 16:39:04,1.0,13.0,6.0
2025-02-03 16:39:04,-0.0,-0.0,-0.0
2025-02-03 16:39:04,-12.0,-7.0,-7.0
2025-02-03 16:39:04,0.0,-0.0,-0.01
2025-02-03 16:39:04,4.0,-8.0,-24.0
2025-02-03 16:39:04,-0.0,0.0,0.01
2025-02-03 16:39:04,-4.0,4.0,39.0
2025-02-03 16:39:04,0.0,0.01,0.01
2025-02-03 16:39:04,16.0,21.0,21.0
2025-02-03 16:39:04,0.0,-0.0,-0.0
2025-02-03 16:39:04,8.0,-3.0,-9.0
2025-02-03 16:39:04,0.0,0.0,-0.0
2025-02-03 16:39:04,0.0,11.0,-2.0
2025-02-03 16:39:04,-0.0,0.0,0.01
2025-02-03 16:39:04,-13.0,2.0,25.0
2025-02-03 16:39:04,-0.01,-0.01,-0.01
2025-02-03 16:39:04,-28.0,-29.0,-22.0
2025-02-03 16:39:04,0.0,-0.0,-0.01
2025-02-03 16:39:04,13.0,-14.0,-30.0
2025-02-03 16:39:04,0.0,-0.0,0.0
2025-02-03 16:39:04,5.0,-18.0,20.0
2025-02-03 16:39:04,-0.0,-0.0,0.0
2025-02-03 16:39:04,-2.0,-1.0,6.0
2025-02-03 16:39:04,-0.0,-0.0,-0.0
2025-02-03 16:39:04,-8.0,-18.0,-18.0
2025-02-03 16:39:04,-0.01,0.0,-0.0
2025-02-03 16:39:04,-40.0,6.0,-5.0
2025-02-03 16:39:04,0.0,0.0,0.01
2025-02-03 16:39:04,8.0,0.0,23.0
2025-02-03 16:39:04,-0.0,0.0,-0.0
2025-02-03 16:39:04,-5.0,15.0,-2.0
2025-02-03 16:39:04,0.0,0.0,-0.01
2025-02-03 16:39:04,2.0,14.0,-21.0
2025-02-03 16:39:04,-0.0,-0.0,-0.0
2025-02-03 16:39:04,-8.0,-13.0,-7.0
2025-02-03 16:39:04,0.0,0.01,-0.01
2025-02-03 16:39:04,11.0,23.0,-31.0
2025-02-03 16:39:04,-0.0,0.01,0.0
2025-02-03 16:39:04,-1.0,21.0,10.0
2025-02-03 16:39:04,0.0,0.01,-0.0
2025-02-03 16:39:04,15.0,26.0,-18.0
2025-02-03 16:39:04,-0.0,0.0,-0.01
2025-02-03 16:39:04,-13.0,14.0,-29.0
2025-02-03 16:39:04,-0.0,0.01,0.01
2025-02-03 16:39:04,-19.0,22.0,22.0
2025-02-03 16:39:04,-0.0,0.0,-0.01
2025-02-03 16:39:04,-9.0,7.0,-29.0
2025-02-03 16:39:04,-0.0,0.0,0.0
2025-02-03 16:39:04,-10.0,12.0,4.0
2025-02-03 16:39:04,-0.0,0.01,0.0
2025-02-03 16:39:04,-6.0,28.0,16.0
2025-02-03 16:39:04,0.0,-0.0,0.01
2025-02-03 16:39:04,13.0,-9.0,34.0
2025-02-03 16:39:04,0.01,0.0,-0.0
2025-02-03 16:39:04,26.0,4.0,-8.0
2025-02-03 16:39:04,-0.0,-0.0,-0.0
2025-02-03 16:39:04,-6.0,-13.0,-17.0
2025-02-03 16:39:04,-0.01,-0.0,0.0
2025-02-03 16:39:04,-21.0,-12.0,11.0
2025-02-03 16:39:04,0.0,0.0,0.0
2025-02-03 16:39:04,8.0,5.0,9.0
2025-02-03 16:39:04,-0.0,-0.0,0.0
2025-02-03 16:39:04,-8.0,-17.0,2.0
2025-02-03 16:39:04,-0.0,0.0,-0.01
2025-02-03 16:39:04,-2.0,9.0,-24.0
2025-02-03 16:39:04,0.0,0.0,0.0
2025-02-03 16:39:04,17.0,0.0,15.0
2025-02-03 16:39:04,-0.0,0.0,-0.0
2025-02-03 16:39:04,-8.0,7.0,-8.0
2025-02-03 16:39:04,-0.0,0.0,-0.0
2025-02-03 16:39:04,-5.0,13.0,-5.0
2025-02-03 16:39:04,-0.0,0.01,-0.01
2025-02-03 16:39:04,-9.0,25.0,-35.0
2025-02-03 16:39:04,0.01,0.01,0.0
2025-02-03 16:39:04,24.0,21.0,11.0
2025-02-03 16:39:04,-0.0,0.01,-0.01
2025-02-03 16:39:04,-7.0,38.0,-43.0
2025-02-03 16:39:04,-0.0,0.0,-0.0
2025-02-03 16:39:04,-7.0,0.0,-7.0
2025-02-03 16:39:04,-0.0,0.0,-0.0
2025-02-03 16:39:04,-11.0,11.0,-12.0
2025-02-03 16:39:04,0.0,0.0,0.0
2025-02-03 16:39:04,3.0,7.0,7.0
2025-02-03 16:39:04,0.0,-0.0,0.0
2025-02-03 16:39:04,10.0,-3.0,2.0
2025-02-03 16:39:04,0.0,-0.01,0.0
2025-02-03 16:39:04,8.0,-28.0,1.0
2025-02-03 16:39:04,0.0,0.01,0.0
2025-02-03 16:39:04,8.0,21.0,5.0
2025-02-03 16:39:04,-0.01,0.0,0.0
2025-02-03 16:39:04,-24.0,9.0,6.0
2025-02-03 16:39:04,-0.0,-0.0,0.0
2025-02-03 16:39:04,-7.0,-4.0,1.0
2025-02-03 16:39:04,-0.0,0.01,-0.0
2025-02-03 16:39:04,-17.0,25.0,-13.0
2025-02-03 16:39:04,-0.0,-0.0,0.0
2025-02-03 16:39:04,-6.0,-4.0,1.0
2025-02-03 16:39:04,0.0,-0.0,-0.0
2025-02-03 16:39:04,9.0,-5.0,-13.0
2025-02-03 16:39:04,0.0,0.0,0.01
2025-02-03 16:39:04,5.0,11.0,46.0
2025-02-03 16:39:04,-0.0,-0.0,0.0
2025-02-03 16:39:04,-8.0,-11.0,11.0
2025-02-03 16:39:04,0.01,-0.0,0.0
2025-02-03 16:39:04,27.0,-4.0,12.0
2025-02-03 16:39:04,0.01,-0.01,-0.0
2025-02-03 16:39:04,27.0,-22.0,-16.0
2025-02-03 16:39:04,-0.0,-0.0,-0.0
2025-02-03 16:39:04,-15.0,-9.0,-11.0
2025-02-03 16:39:04,-0.0,0.0,0.0
2025-02-03 16:39:04,-9.0,5.0,12.0
2025-02-03 16:39:04,0.0,0.0,-0.01
2025-02-03 16:39:04,6.0,13.0,-42.0
2025-02-03 16:39:04,0.0,0.0,-0.0
2025-02-03 16:39:04,18.0,16.0,-15.0
2025-02-03 16:39:04,0.0,-0.0,-0.0
2025-02-03 16:39:04,7.0,-13.0,-2.0
2025-02-03 16:39:04,0.0,-0.0,-0.0
2025-02-03 16:39:04,15.0,-5.0,-1.0
2025-02-03 16:39:04,-0.0,0.0,-0.0
2025-02-03 16:39:04,-17.0,1.0,-18.0
2025-02-03 16:39:04,0.0,0.0,0.01
2025-02-03 16:39:04,2.0,2.0,22.0
2025-02-03 16:39:04,-0.0,0.0,-0.01
2025-02-03 16:39:04,-15.0,0.0,-30.0
2025-02-03 16:39:04,0.0,-0.0,-0.0
2025-02-03 16:39:04,0.0,-12.0,-13.0
2025-02-03 16:39:04,-0.0,0.0,0.01
2025-02-03 16:39:04,-14.0,0.0,39.0
2025-02-03 16:39:04,-0.01,-0.0,-0.0
2025-02-03 16:39:04,-24.0,-1.0,-3.0
2025-02-03 16:39:04,-0.0,-0.0,0.0
2025-02-03 16:39:04,-9.0,-3.0,4.0
2025-02-03 16:39:04,-0.0,0.0,-0.0
2025-02-03 16:39:04,-19.0,12.0,-9.0
2025-02-03 16:39:04,0.0,0.0,0.0
2025-02-03 16:39:04,8.0,9.0,14.0
2025-02-03 16:39:04,0.0,0.0,-0.0
2025-02-03 16:39:04,0.0,16.0,-5.0
2025-02-03 16:39:04,-0.0,0.0,-0.01
2025-02-03 16:39:04,-17.0,10.0,-24.0
2025-02-03 16:39:04,0.0,-0.0,-0.0
2025-02-03 16:39:04,16.0,-18.0,-13.0
2025-02-03 16:39:04,-0.0,-0.0,-0.0
2025-02-03 16:39:04,-12.0,-5.0,-16.0
2025-02-03 16:39:04,-0.0,0.0,-0.0
2025-02-03 16:39:04,-1.0,10.0,-19.0
2025-02-03 16:39:04,-0.0,-0.0,-0.0
2025-02-03 16:39:04,-18.0,-1.0,-2.0
2025-02-03 16:39:04,0.0,0.0,0.0
2025-02-03 16:39:04,3.0,13.0,3.0
2025-02-03 16:39:04,-0.0,-0.0,-0.01
2025-02-03 16:39:04,-13.0,-1.0,-29.0
2025-02-03 16:39:04,-0.0,-0.0,-0.0
2025-02-03 16:39:04,-20.0,-14.0,-12.0
2025-02-03 16:39:04,0.0,0.0,-0.01
2025-02-03 16:39:04,9.0,5.0,-24.0
2025-02-03 16:39:04,0.0,0.0,0.0
2025-02-03 16:39:04,8.0,3.0,12.0
2025-02-03 16:39:04,0.0,-0.0,0.01
2025-02-03 16:39:04,6.0,-14.0,22.0
2025-02-03 16:39:04,0.01,0.0,-0.0
2025-02-03 16:39:04,21.0,15.0,-13.0
2025-02-03 16:39:04,-0.0,0.0,-0.0
2025-02-03 16:39:04,-6.0,9.0,-12.0
2025-02-03 16:39:04,-0.0,0.0,0.0
2025-02-03 16:39:04,-7.0,3.0,12.0
2025-02-03 16:39:04,-0.0,-0.0,0.0
2025-02-03 16:39:04,-8.0,-4.0,14.0
2025-02-03 16:39:04,-0.0,0.0,-0.0
2025-02-03 16:39:04,-18.0,1.0,-12.0
2025-02-03 16:39:04,-0.0,-0.0,-0.0
2025-02-03 16:39:04,-7.0,-7.0,-20.0
2025-02-03 16:39:04,-0.0,-0.0,0.0
2025-02-03 16:39:04,-16.0,-18.0,10.0
2025-02-03 16:39:04,-0.01,0.0,-0.01
2025-02-03 16:39:04,-35.0,5.0,-30.0
2025-02-03 16:39:04,-0.0,0.0,-0.0
2025-02-03 16:39:04,-11.0,20.0,-3.0
2025-02-03 16:39:04,-0.0,0.0,0.0
2025-02-03 16:39:04,-16.0,1.0,8.0
2025-02-03 16:39:04,-0.01,-0.0,0.0
2025-02-03 16:39:04,-30.0,-13.0,7.0
2025-02-03 16:39:04,0.0,0.0,0.01
2025-02-03 16:39:04,20.0,20.0,31.0
2025-02-03 16:39:04,-0.0,-0.0,0.0
2025-02-03 16:39:04,-16.0,-1.0,2.0
2025-02-03 16:39:04,0.01,0.0,-0.01
2025-02-03 16:39:04,32.0,12.0,-39.0
2025-02-03 16:39:04,0.0,-0.0,0.0
2025-02-03 16:39:04,6.0,-6.0,7.0
2025-02-03 16:39:04,0.0,0.0,-0.01
2025-02-03 16:39:04,2.0,1.0,-24.0
2025-02-03 16:39:04,0.0,0.0,0.01
2025-02-03 16:39:04,1.0,0.0,28.0
2025-02-03 16:39:04,0.01,0.0,-0.0
2025-02-03 16:39:04,27.0,19.0,-15.0
2025-02-03 16:39:04,-0.0,-0.0,0.0
2025-02-03 16:39:04,-2.0,-14.0,17.0
2025-02-03 16:39:04,-0.0,0.01,-0.0
2025-02-03 16:39:04,-16.0,24.0,-19.0
2025-02-03 16:39:04,-0.0,0.0,0.0
2025-02-03 16:39:04,-9.0,14.0,1.0
2025-02-03 16:39:04,-0.0,0.0,0.0
2025-02-03 16:39:04,-1.0,14.0,0.0
2025-02-03 16:39:04,-0.0,-0.0,0.0
2025-02-03 16:39:04,-7.0,-13.0,3.0
2025-02-03 16:39:04,0.0,0.0,0.01
2025-02-03 16:39:04,8.0,14.0,60.0
2025-02-03 16:39:04,0.0,-0.0,-0.0
2025-02-03 16:39:04,7.0,-16.0,-7.0
2025-02-03 16:39:04,-0.01,-0.0,-0.01
2025-02-03 16:39:05,-22.0,-3.0,-24.0
2025-02-03 16:39:05,-0.0,-0.0,-0.0
2025-02-03 16:39:05,-8.0,-6.0,-5.0
2025-02-03 16:39:05,-0.0,0.0,0.0
2025-02-03 16:39:05,-10.0,16.0,6.0
2025-02-03 16:39:05,0.01,0.0,-0.0
2025-02-03 16:39:05,38.0,5.0,-4.0
2025-02-03 16:39:05,0.0,-0.0,-0.0
2025-02-03 16:39:05,6.0,-9.0,-20.0
2025-02-03 16:39:05,0.0,0.0,0.0
2025-02-03 16:39:05,3.0,15.0,7.0
2025-02-03 16:39:05,0.01,0.0,0.0
2025-02-03 16:39:05,22.0,13.0,13.0
2025-02-03 16:39:05,0.01,-0.01,-0.01
2025-02-03 16:39:05,22.0,-26.0,-36.0
2025-02-03 16:39:05,0.0,-0.0,0.01
2025-02-03 16:39:05,11.0,-3.0,34.0
2025-02-03 16:39:05,-0.0,0.0,0.0
2025-02-03 16:39:05,-4.0,10.0,3.0
2025-02-03 16:39:05,0.0,0.0,-0.0
2025-02-03 16:39:05,14.0,3.0,-10.0
2025-02-03 16:39:05,0.01,0.0,-0.01
2025-02-03 16:39:05,30.0,6.0,-31.0
2025-02-03 16:39:05,-0.01,0.0,-0.0
2025-02-03 16:39:05,-36.0,16.0,-12.0
2025-02-03 16:39:05,-0.0,0.01,-0.01
2025-02-03 16:39:05,-17.0,41.0,-23.0
2025-02-03 16:39:05,0.0,-0.0,0.0
2025-02-03 16:39:05,15.0,-4.0,3.0
2025-02-03 16:39:05,0.0,0.0,0.0
2025-02-03 16:39:05,16.0,9.0,11.0
2025-02-03 16:39:05,-0.0,-0.0,0.0
2025-02-03 16:39:05,-7.0,-15.0,7.0
2025-02-03 16:39:05,0.0,-0.0,-0.01
2025-02-03 16:39:05,5.0,-7.0,-26.0
2025-02-03 16:39:05,-0.0,-0.0,0.0
2025-02-03 16:39:05,-7.0,-10.0,0.0
2025-02-03 16:39:05,-0.01,-0.0,0.0
2025-02-03 16:39:05,-22.0,-17.0,8.0
2025-02-03 16:39:05,0.0,-0.0,0.01
2025-02-03 16:39:05,10.0,-7.0,30.0
2025-02-03 16:39:05,0.0,0.0,0.01
2025-02-03 16:39:05,20.0,15.0,54.0
2025-02-03 16:39:05,-0.01,0.01,0.05
2025-02-03 16:39:05,-61.0,41.0,186.0
2025-02-03 16:39:05,-0.01,-0.0,-0.01
2025-02-03 16:39:05,-61.0,-17.0,-24.0
2025-02-03 16:39:05,-0.03,0.01,0.09
2025-02-03 16:39:05,-113.0,41.0,368.0
2025-02-03 16:39:05,0.0,-0.0,-0.02
2025-02-03 16:39:05,6.0,-7.0,-93.0
2025-02-03 16:39:05,0.0,-0.01,-0.02
2025-02-03 16:39:05,2.0,-48.0,-88.0
2025-02-03 16:39:05,0.01,-0.01,-0.01
2025-02-03 16:39:05,30.0,-46.0,-27.0
2025-02-03 16:39:05,-0.01,0.01,0.04
2025-02-03 16:39:05,-33.0,46.0,162.0
2025-02-03 16:39:05,0.01,0.01,-0.02
2025-02-03 16:39:05,24.0,21.0,-75.0
2025-02-03 16:39:05,0.02,-0.01,-0.01
2025-02-03 16:39:05,83.0,-29.0,-38.0
2025-02-03 16:39:05,-0.0,-0.0,-0.01
2025-02-03 16:39:05,-7.0,-11.0,-32.0
2025-02-03 16:39:05,0.0,0.01,0.01
2025-02-03 16:39:05,9.0,28.0,28.0
2025-02-03 16:39:05,0.0,-0.0,0.0
2025-02-03 16:39:05,2.0,-1.0,7.0
2025-02-03 16:39:05,0.01,0.0,-0.0
2025-02-03 16:39:05,41.0,14.0,-15.0
2025-02-03 16:39:05,0.01,0.01,-0.0
2025-02-03 16:39:05,25.0,26.0,-1.0
2025-02-03 16:39:05,-0.01,0.01,0.01
2025-02-03 16:39:05,-27.0,29.0,25.0
2025-02-03 16:39:05,0.01,0.01,-0.01
2025-02-03 16:39:05,21.0,31.0,-40.0
2025-02-03 16:39:05,0.0,0.0,-0.0
2025-02-03 16:39:05,9.0,17.0,-5.0
2025-02-03 16:39:05,0.0,0.01,0.0
2025-02-03 16:39:05,8.0,26.0,6.0
2025-02-03 16:39:05,0.0,0.01,-0.0
2025-02-03 16:39:05,2.0,26.0,-10.0
2025-02-03 16:39:05,0.0,-0.0,-0.01
2025-02-03 16:39:05,14.0,-9.0,-23.0
2025-02-03 16:39:05,-0.0,-0.0,-0.01
2025-02-03 16:39:05,-14.0,-4.0,-22.0
2025-02-03 16:39:05,-0.01,-0.0,-0.0
2025-02-03 16:39:05,-22.0,-6.0,-7.0
2025-02-03 16:39:05,0.0,-0.0,-0.01
2025-02-03 16:39:05,10.0,-18.0,-25.0
2025-02-03 16:39:05,-0.01,-0.0,0.0
2025-02-03 16:39:05,-23.0,-11.0,11.0
2025-02-03 16:39:05,-0.01,-0.0,0.01
2025-02-03 16:39:05,-29.0,-13.0,27.0
2025-02-03 16:39:05,0.0,-0.0,-0.0
2025-02-03 16:39:05,0.0,-8.0,-15.0
2025-02-03 16:39:05,-0.0,-0.01,-0.01
2025-02-03 16:39:05,-19.0,-31.0,-21.0
2025-02-03 16:39:05,-0.0,-0.01,0.0
2025-02-03 16:39:05,-15.0,-35.0,8.0
2025-02-03 16:39:05,0.0,-0.01,-0.0
2025-02-03 16:39:05,6.0,-39.0,-17.0
2025-02-03 16:39:05,0.01,-0.01,-0.01
2025-02-03 16:39:05,25.0,-39.0,-25.0
2025-02-03 16:39:05,0.01,-0.0,-0.01
2025-02-03 16:39:05,37.0,-12.0,-29.0
2025-02-03 16:39:05,0.01,0.0,-0.0
2025-02-03 16:39:05,21.0,4.0,-14.0
2025-02-03 16:39:05,0.01,0.0,-0.0
2025-02-03 16:39:05,29.0,8.0,-9.0
2025-02-03 16:39:05,-0.0,0.0,-0.01
2025-02-03 16:39:05,-9.0,2.0,-49.0
2025-02-03 16:39:05,-0.0,0.0,-0.0
2025-02-03 16:39:05,-1.0,4.0,-3.0
2025-02-03 16:39:05,-0.0,-0.0,-0.0
2025-02-03 16:39:05,-11.0,-1.0,-13.0
2025-02-03 16:39:05,0.0,0.0,-0.01
2025-02-03 16:39:05,1.0,15.0,-24.0
2025-02-03 16:39:05,0.01,0.01,-0.0
2025-02-03 16:39:05,26.0,30.0,-17.0
2025-02-03 16:39:05,-0.0,0.0,0.01
2025-02-03 16:39:05,-9.0,13.0,22.0
2025-02-03 16:39:05,0.0,0.0,0.0
2025-02-03 16:39:05,5.0,19.0,12.0
2025-02-03 16:39:05,-0.0,0.0,0.0
2025-02-03 16:39:05,-4.0,18.0,5.0
2025-02-03 16:39:05,0.0,0.01,-0.0
2025-02-03 16:39:05,5.0,22.0,-3.0
2025-02-03 16:39:05,0.0,0.0,-0.0
2025-02-03 16:39:05,6.0,11.0,-5.0
2025-02-03 16:39:05,0.0,-0.0,0.01
2025-02-03 16:39:05,16.0,-3.0,24.0
2025-02-03 16:39:05,0.0,0.0,-0.0
2025-02-03 16:39:05,7.0,6.0,-9.0
2025-02-03 16:39:05,0.01,-0.0,-0.0
2025-02-03 16:39:05,22.0,-10.0,-11.0
2025-02-03 16:39:05,0.0,0.0,0.0
2025-02-03 16:39:05,10.0,15.0,7.0
2025-02-03 16:39:05,-0.0,0.0,0.01
2025-02-03 16:39:05,-2.0,9.0,29.0
2025-02-03 16:39:05,-0.0,0.0,-0.0
2025-02-03 16:39:05,-11.0,14.0,-19.0
2025-02-03 16:39:05,0.0,-0.0,0.0
2025-02-03 16:39:05,5.0,-14.0,9.0
2025-02-03 16:39:05,0.01,-0.0,-0.01
2025-02-03 16:39:05,21.0,-2.0,-21.0
2025-02-03 16:39:05,0.0,-0.0,-0.0
2025-02-03 16:39:05,7.0,-18.0,-1.0
2025-02-03 16:39:05,-0.0,-0.0,0.0
2025-02-03 16:39:05,-9.0,-3.0,2.0
2025-02-03 16:39:05,-0.01,-0.0,-0.0
2025-02-03 16:39:05,-34.0,-3.0,-1.0
2025-02-03 16:39:05,-0.0,0.0,-0.0
2025-02-03 16:39:05,-11.0,5.0,-2.0
2025-02-03 16:39:05,-0.0,-0.01,0.0
2025-02-03 16:39:05,-4.0,-28.0,7.0
2025-02-03 16:39:05,0.0,0.01,-0.0
2025-02-03 16:39:05,0.0,21.0,-18.0
2025-02-03 16:39:05,-0.01,0.0,-0.0
2025-02-03 16:39:05,-30.0,6.0,-12.0
2025-02-03 16:39:05,0.01,-0.0,-0.0
2025-02-03 16:39:05,30.0,-19.0,-20.0
2025-02-03 16:39:05,0.0,-0.0,-0.0
2025-02-03 16:39:05,20.0,-7.0,-8.0
2025-02-03 16:39:05,0.0,0.0,-0.01
2025-02-03 16:39:05,1.0,10.0,-22.0
2025-02-03 16:39:05,-0.0,-0.0,0.0
2025-02-03 16:39:05,-11.0,-16.0,8.0
2025-02-03 16:39:05,-0.0,-0.0,0.0
2025-02-03 16:39:05,-10.0,-7.0,8.0
2025-02-03 16:39:05,0.01,-0.01,-0.0
2025-02-03 16:39:05,46.0,-21.0,-4.0
2025-02-03 16:39:05,0.0,0.0,-0.0
2025-02-03 16:39:05,0.0,3.0,-3.0
2025-02-03 16:39:05,0.0,-0.0,0.0
2025-02-03 16:39:05,2.0,-14.0,2.0
2025-02-03 16:39:05,0.0,0.0,-0.0
2025-02-03 16:39:05,9.0,16.0,-11.0
2025-02-03 16:39:05,-0.0,-0.01,-0.01
2025-02-03 16:39:05,-2.0,-24.0,-31.0
2025-02-03 16:39:05,0.0,0.0,-0.0
2025-02-03 16:39:05,15.0,7.0,-1.0
2025-02-03 16:39:05,-0.0,-0.0,0.0
2025-02-03 16:39:05,-16.0,-7.0,17.0
2025-02-03 16:39:05,0.0,0.0,0.0
2025-02-03 16:39:05,3.0,11.0,2.0
2025-02-03 16:39:05,-0.01,0.0,0.01
2025-02-03 16:39:05,-21.0,0.0,24.0
2025-02-03 16:39:05,0.0,0.0,-0.01
2025-02-03 16:39:05,1.0,0.0,-36.0
2025-02-03 16:39:05,0.0,-0.0,-0.0
2025-02-03 16:39:05,2.0,-14.0,-15.0
2025-02-03 16:39:05,-0.0,-0.0,-0.0
2025-02-03 16:39:05,-1.0,-2.0,-5.0
2025-02-03 16:39:05,-0.01,-0.0,-0.0
2025-02-03 16:39:05,-26.0,-8.0,-2.0
2025-02-03 16:39:05,-0.0,-0.0,0.0
2025-02-03 16:39:05,-8.0,-17.0,3.0
2025-02-03 16:39:05,-0.01,-0.0,-0.0
2025-02-03 16:39:05,-22.0,-7.0,-20.0
2025-02-03 16:39:05,-0.0,0.0,-0.01
2025-02-03 16:39:05,-19.0,0.0,-22.0
2025-02-03 16:39:05,-0.0,-0.0,0.0
2025-02-03 16:39:05,-14.0,-6.0,11.0
2025-02-03 16:39:05,-0.0,0.0,-0.01
2025-02-03 16:39:05,-4.0,6.0,-25.0
2025-02-03 16:39:05,0.01,-0.0,0.0
2025-02-03 16:39:05,23.0,-16.0,11.0
2025-02-03 16:39:05,0.01,0.0,-0.0
2025-02-03 16:39:05,30.0,4.0,-19.0
2025-02-03 16:39:05,-0.0,-0.0,-0.01
2025-02-03 16:39:05,-5.0,-6.0,-22.0
2025-02-03 16:39:05,0.0,0.0,-0.01
2025-02-03 16:39:05,16.0,11.0,-48.0
2025-02-03 16:39:05,-0.01,0.0,0.0
2025-02-03 16:39:05,-27.0,0.0,9.0
2025-02-03 16:39:05,0.01,0.0,0.01
2025-02-03 16:39:05,21.0,3.0,29.0
2025-02-03 16:39:05,-0.01,0.01,0.0
2025-02-03 16:39:05,-22.0,21.0,0.0
2025-02-03 16:39:05,0.0,0.0,-0.0
2025-02-03 16:39:05,16.0,10.0,-18.0
2025-02-03 16:39:05,-0.01,0.0,-0.0
2025-02-03 16:39:05,-29.0,9.0,-16.0
2025-02-03 16:39:05,-0.0,0.01,0.0
2025-02-03 16:39:05,-11.0,28.0,20.0
2025-02-03 16:39:05,-0.0,0.0,-0.0
2025-02-03 16:39:05,-11.0,13.0,-10.0
2025-02-03 16:39:05,-0.0,0.01,-0.01
2025-02-03 16:39:05,-8.0,32.0,-26.0
2025-02-03 16:39:05,-0.0,0.0,-0.0
2025-02-03 16:39:05,-2.0,17.0,-12.0
2025-02-03 16:39:05,0.0,0.0,0.0
2025-02-03 16:39:05,11.0,10.0,14.0
2025-02-03 16:39:05,-0.0,-0.0,-0.0
2025-02-03 16:39:05,-15.0,-1.0,-16.0
2025-02-03 16:39:05,-0.0,-0.0,-0.0
2025-02-03 16:39:05,-20.0,-20.0,-1.0
2025-02-03 16:39:05,-0.0,0.01,0.0
2025-02-03 16:39:05,-10.0,23.0,1.0
2025-02-03 16:39:05,0.0,0.0,0.01
2025-02-03 16:39:05,15.0,14.0,54.0
2025-02-03 16:39:05,0.0,-0.0,0.0
2025-02-03 16:39:05,14.0,-12.0,1.0
2025-02-03 16:39:05,-0.0,-0.0,-0.0
2025-02-03 16:39:05,-9.0,-11.0,-12.0
2025-02-03 16:39:05,-0.0,-0.0,0.0
2025-02-03 16:39:05,-8.0,-18.0,3.0
2025-02-03 16:39:05,-0.01,-0.0,0.0
2025-02-03 16:39:05,-33.0,-9.0,9.0
2025-02-03 16:39:05,-0.0,0.0,-0.0
2025-02-03 16:39:05,-3.0,1.0,-2.0
2025-02-03 16:39:05,0.0,-0.0,0.0
2025-02-03 16:39:05,5.0,-13.0,4.0
2025-02-03 16:39:05,-0.0,0.0,0.0
2025-02-03 16:39:05,-15.0,9.0,14.0
2025-02-03 16:39:05,0.0,-0.0,-0.0
2025-02-03 16:39:05,13.0,-6.0,-4.0
2025-02-03 16:39:05,-0.0,-0.0,-0.0
2025-02-03 16:39:05,-4.0,-5.0,-8.0
2025-02-03 16:39:05,0.0,0.0,0.0
2025-02-03 16:39:05,17.0,4.0,7.0
2025-02-03 16:39:05,-0.0,0.01,0.01
2025-02-03 16:39:05,-6.0,26.0,25.0
2025-02-03 16:39:05,0.0,0.01,0.01
2025-02-03 16:39:05,13.0,32.0,29.0
2025-02-03 16:39:05,0.0,0.0,0.0
2025-02-03 16:39:05,4.0,19.0,0.0
2025-02-03 16:39:05,0.0,-0.0,-0.01
2025-02-03 16:39:05,11.0,-9.0,-22.0
2025-02-03 16:39:05,0.0,-0.0,0.0
2025-02-03 16:39:05,12.0,-5.0,5.0
2025-02-03 16:39:05,-0.0,0.0,-0.01
2025-02-03 16:39:05,-1.0,5.0,-28.0
2025-02-03 16:39:05,0.01,0.0,-0.0
2025-02-03 16:39:05,32.0,12.0,-7.0
2025-02-03 16:39:05,-0.0,0.01,0.0
2025-02-03 16:39:05,-19.0,25.0,17.0
2025-02-03 16:39:05,-0.0,0.0,0.0
2025-02-03 16:39:05,-1.0,2.0,10.0
2025-02-03 16:39:05,0.0,0.0,0.0
2025-02-03 16:39:05,6.0,0.0,7.0
2025-02-03 16:39:05,-0.0,0.0,0.0
2025-02-03 16:39:05,-6.0,17.0,9.0
2025-02-03 16:39:05,-0.0,-0.0,-0.0
2025-02-03 16:39:05,-15.0,-6.0,-1.0
2025-02-03 16:39:05,0.0,-0.0,0.01
2025-02-03 16:39:05,1.0,-7.0,42.0
2025-02-03 16:39:05,0.0,-0.0,0.0
2025-02-03 16:39:05,15.0,-7.0,8.0
2025-02-03 16:39:05,0.0,-0.01,-0.0
2025-02-03 16:39:05,6.0,-24.0,-8.0
2025-02-03 16:39:05,-0.01,0.0,0.0
2025-02-03 16:39:05,-29.0,0.0,14.0
2025-02-03 16:39:05,0.0,-0.0,0.0
2025-02-03 16:39:05,20.0,-8.0,2.0
2025-02-03 16:39:05,-0.0,-0.01,0.0
2025-02-03 16:39:05,-20.0,-24.0,0.0
2025-02-03 16:39:05,-0.0,0.0,0.01
2025-02-03 16:39:05,-5.0,3.0,28.0
2025-02-03 16:39:05,-0.0,0.0,-0.01
2025-02-03 16:39:05,-19.0,1.0,-34.0
2025-02-03 16:39:05,-0.0,0.0,-0.01
2025-02-03 16:39:05,-2.0,13.0,-21.0
2025-02-03 16:39:05,0.0,0.0,-0.0
2025-02-03 16:39:05,4.0,0.0,-18.0
2025-02-03 16:39:05,0.0,0.0,0.01
2025-02-03 16:39:05,11.0,7.0,22.0
2025-02-03 16:39:05,-0.0,0.0,0.0
2025-02-03 16:39:05,-1.0,5.0,13.0
2025-02-03 16:39:05,-0.0,0.0,-0.0
2025-02-03 16:39:05,-3.0,10.0,-12.0
2025-02-03 16:39:05,0.0,-0.0,-0.0
2025-02-03 16:39:05,1.0,-11.0,-12.0
2025-02-03 16:39:05,-0.0,0.0,-0.0
2025-02-03 16:39:05,-19.0,12.0,-18.0
2025-02-03 16:39:05,0.0,-0.01,0.02
2025-02-03 16:39:05,2.0,-27.0,62.0
2025-02-03 16:39:05,-0.01,0.0,-0.01
2025-02-03 16:39:05,-51.0,11.0,-40.0
2025-02-03 16:39:05,-0.0,0.01,0.0
2025-02-03 16:39:05,-7.0,41.0,16.0
2025-02-03 16:39:05,0.01,-0.0,-0.0
2025-02-03 16:39:05,28.0,-9.0,-3.0
2025-02-03 16:39:05,0.0,0.0,0.0
2025-02-03 16:39:05,12.0,5.0,19.0
2025-02-03 16:39:05,-0.0,0.0,0.0
2025-02-03 16:39:05,-7.0,8.0,0.0
2025-02-03 16:39:05,-0.0,-0.0,-0.0
2025-02-03 16:39:05,-1.0,-20.0,-20.0
2025-02-03 16:39:05,0.0,0.01,-0.01
2025-02-03 16:39:05,6.0,28.0,-53.0
2025-02-03 16:39:05,0.0,-0.01,-0.01
2025-02-03 16:39:05,1.0,-32.0,-24.0
2025-02-03 16:39:05,-0.01,0.0,0.0
2025-02-03 16:39:05,-27.0,15.0,0.0
2025-02-03 16:39:05,0.0,-0.0,-0.01
2025-02-03 16:39:05,12.0,-18.0,-21.0
2025-02-03 16:39:05,0.0,0.0,0.0
2025-02-03 16:39:06,5.0,10.0,11.0
2025-02-03 16:39:06,0.0,-0.0,0.0
2025-02-03 16:39:06,7.0,-15.0,15.0
2025-02-03 16:39:06,-0.0,-0.0,-0.0
2025-02-03 16:39:06,-1.0,-2.0,-13.0
2025-02-03 16:39:06,0.0,0.0,-0.01
2025-02-03 16:39:06,8.0,4.0,-41.0
2025-02-03 16:39:06,-0.0,-0.0,-0.0
2025-02-03 16:39:06,-7.0,-19.0,-16.0
2025-02-03 16:39:06,0.0,0.0,-0.0
2025-02-03 16:39:06,5.0,16.0,-4.0
2025-02-03 16:39:06,-0.0,-0.0,0.0
2025-02-03 16:39:06,-12.0,-1.0,12.0
2025-02-03 16:39:06,0.0,-0.0,0.0
2025-02-03 16:39:06,10.0,-1.0,4.0
2025-02-03 16:39:06,-0.0,0.01,-0.01
2025-02-03 16:39:06,-1.0,27.0,-31.0
2025-02-03 16:39:06,0.0,0.0,0.0
2025-02-03 16:39:06,2.0,15.0,0.0
2025-02-03 16:39:06,-0.0,0.0,0.0
2025-02-03 16:39:06,-19.0,7.0,6.0
2025-02-03 16:39:06,-0.0,0.0,-0.0
2025-02-03 16:39:06,-7.0,10.0,-10.0
2025-02-03 16:39:06,0.0,-0.0,0.0
2025-02-03 16:39:06,18.0,-6.0,3.0
2025-02-03 16:39:06,-0.0,0.01,0.0
2025-02-03 16:39:06,-12.0,24.0,11.0
2025-02-03 16:39:06,-0.01,-0.0,-0.0
2025-02-03 16:39:06,-30.0,-7.0,-18.0
2025-02-03 16:39:06,0.0,0.0,-0.0
2025-02-03 16:39:06,14.0,10.0,-6.0
2025-02-03 16:39:06,0.0,0.0,0.0
2025-02-03 16:39:06,4.0,19.0,11.0
2025-02-03 16:39:06,0.0,0.0,0.0
2025-02-03 16:39:06,2.0,16.0,10.0
2025-02-03 16:39:06,-0.0,-0.0,-0.01
2025-02-03 16:39:06,-2.0,-17.0,-41.0
2025-02-03 16:39:06,0.0,0.0,0.0
2025-02-03 16:39:06,14.0,5.0,8.0
2025-02-03 16:39:06,-0.0,-0.0,-0.0
2025-02-03 16:39:06,-6.0,-3.0,-20.0
2025-02-03 16:39:06,-0.0,-0.0,-0.0
2025-02-03 16:39:06,-4.0,-3.0,-3.0
2025-02-03 16:39:06,0.0,-0.0,-0.0
2025-02-03 16:39:06,5.0,-8.0,-10.0
2025-02-03 16:39:06,0.0,-0.0,-0.01
2025-02-03 16:39:06,14.0,-4.0,-38.0
2025-02-03 16:39:06,-0.01,-0.0,-0.0
2025-02-03 16:39:06,-21.0,-9.0,-6.0
2025-02-03 16:39:06,-0.0,-0.0,0.0
2025-02-03 16:39:06,-13.0,-8.0,19.0
2025-02-03 16:39:06,-0.0,0.0,-0.01
2025-02-03 16:39:06,-15.0,9.0,-39.0
2025-02-03 16:39:06,0.0,-0.0,-0.0
2025-02-03 16:39:06,1.0,-14.0,-15.0
2025-02-03 16:39:06,-0.01,-0.0,-0.01
2025-02-03 16:39:06,-30.0,-4.0,-29.0
2025-02-03 16:39:06,-0.0,-0.0,-0.01
2025-02-03 16:39:06,-5.0,-17.0,-33.0
2025-02-03 16:39:06,-0.0,-0.01,0.0
2025-02-03 16:39:06,-7.0,-25.0,5.0
2025-02-03 16:39:06,-0.0,-0.0,0.0
2025-02-03 16:39:06,-4.0,-5.0,7.0
2025-02-03 16:39:06,-0.0,0.0,0.01
2025-02-03 16:39:06,-6.0,2.0,27.0
2025-02-03 16:39:06,-0.0,0.01,-0.0
2025-02-03 16:39:06,-7.0,22.0,-16.0
2025-02-03 16:39:06,-0.01,-0.0,0.0
2025-02-03 16:39:06,-26.0,-3.0,16.0
2025-02-03 16:39:06,0.0,-0.0,-0.0
2025-02-03 16:39:06,2.0,-2.0,-2.0
2025-02-03 16:39:06,0.0,-0.0,0.01
2025-02-03 16:39:06,3.0,-8.0,23.0
2025-02-03 16:39:06,0.0,0.0,-0.01
2025-02-03 16:39:06,18.0,15.0,-36.0
2025-02-03 16:39:06,-0.0,0.01,0.0
2025-02-03 16:39:06,-8.0,28.0,1.0
2025-02-03 16:39:06,0.01,-0.0,0.0
2025-02-03 16:39:06,24.0,-9.0,15.0
2025-02-03 16:39:06,0.0,0.01,-0.0
2025-02-03 16:39:06,19.0,22.0,-11.0
2025-02-03 16:39:06,0.01,0.0,-0.0
2025-02-03 16:39:06,30.0,5.0,-15.0
2025-02-03 16:39:06,0.0,0.0,0.0
2025-02-03 16:39:06,1.0,17.0,8.0
2025-02-03 16:39:06,0.0,0.0,-0.01
2025-02-03 16:39:06,16.0,9.0,-25.0
2025-02-03 16:39:06,0.0,-0.0,-0.0
2025-02-03 16:39:06,11.0,-6.0,-4.0
2025-02-03 16:39:06,-0.0,-0.0,0.0
2025-02-03 16:39:06,-8.0,-14.0,5.0
2025-02-03 16:39:06,0.0,-0.0,-0.0
2025-02-03 16:39:06,6.0,-12.0,-10.0
2025-02-03 16:39:06,-0.0,0.0,-0.0
2025-02-03 16:39:06,-8.0,9.0,-2.0
2025-02-03 16:39:06,-0.0,0.0,-0.0
2025-02-03 16:39:06,-15.0,7.0,-1.0
2025-02-03 16:39:06,-0.0,-0.01,-0.01
2025-02-03 16:39:06,-15.0,-29.0,-27.0
2025-02-03 16:39:06,-0.01,-0.01,0.01
2025-02-03 16:39:06,-32.0,-21.0,37.0
2025-02-03 16:39:06,-0.0,0.0,0.0
2025-02-03 16:39:06,-19.0,2.0,6.0
2025-02-03 16:39:06,-0.01,-0.01,-0.0
2025-02-03 16:39:06,-35.0,-21.0,-15.0
2025-02-03 16:39:06,-0.01,0.0,-0.0
2025-02-03 16:39:06,-26.0,0.0,-7.0
2025-02-03 16:39:06,0.0,0.0,-0.0
2025-02-03 16:39:06,5.0,5.0,-11.0
2025-02-03 16:39:06,0.0,-0.0,0.01
2025-02-03 16:39:06,10.0,-12.0,21.0
2025-02-03 16:39:06,-0.0,-0.0,0.0
2025-02-03 16:39:06,-7.0,-3.0,12.0
2025-02-03 16:39:06,0.01,0.0,-0.0
2025-02-03 16:39:06,46.0,2.0,-15.0
2025-02-03 16:39:06,-0.0,-0.01,-0.01
2025-02-03 16:39:06,-10.0,-38.0,-47.0
2025-02-03 16:39:06,-0.0,-0.01,-0.05
2025-02-03 16:39:06,-19.0,-23.0,-218.0
2025-02-03 16:39:06,-0.0,0.0,-0.0
2025-02-03 16:39:06,-13.0,11.0,-7.0
2025-02-03 16:39:06,0.02,0.01,0.02
2025-02-03 16:39:06,63.0,47.0,62.0
2025-02-03 16:39:06,-0.0,-0.01,-0.01
2025-02-03 16:39:06,-7.0,-31.0,-35.0
2025-02-03 16:39:06,0.02,0.01,-0.03
2025-02-03 16:39:06,77.0,23.0,-141.0
2025-02-03 16:39:06,-0.02,0.0,0.03
2025-02-03 16:39:06,-70.0,20.0,143.0
2025-02-03 16:39:06,0.01,0.01,0.0
2025-02-03 16:39:06,28.0,31.0,8.0
2025-02-03 16:39:06,-0.0,-0.0,-0.02
2025-02-03 16:39:06,-14.0,-6.0,-70.0
2025-02-03 16:39:06,0.01,0.0,-0.0
2025-02-03 16:39:06,36.0,12.0,-20.0
2025-02-03 16:39:06,-0.0,0.01,0.01
2025-02-03 16:39:06,-20.0,42.0,55.0
2025-02-03 16:39:06,0.0,0.01,0.01
2025-02-03 16:39:06,16.0,40.0,46.0
2025-02-03 16:39:06,0.0,-0.0,-0.01
2025-02-03 16:39:06,17.0,-5.0,-44.0
2025-02-03 16:39:06,0.01,0.01,-0.01
2025-02-03 16:39:06,28.0,25.0,-32.0
2025-02-03 16:39:06,-0.01,0.0,0.01
2025-02-03 16:39:06,-40.0,13.0,38.0
2025-02-03 16:39:06,0.0,0.01,-0.01
2025-02-03 16:39:06,10.0,36.0,-21.0
2025-02-03 16:39:06,0.0,-0.0,0.0
2025-02-03 16:39:06,0.0,-11.0,14.0
2025-02-03 16:39:06,0.0,0.0,0.0
2025-02-03 16:39:06,1.0,6.0,12.0
2025-02-03 16:39:06,-0.01,0.0,0.0
2025-02-03 16:39:06,-32.0,0.0,6.0
2025-02-03 16:39:06,0.0,-0.0,-0.0
2025-02-03 16:39:06,1.0,-11.0,-2.0
2025-02-03 16:39:06,-0.0,-0.01,-0.01
2025-02-03 16:39:06,-3.0,-41.0,-53.0
2025-02-03 16:39:06,-0.0,-0.01,-0.0
2025-02-03 16:39:06,-12.0,-26.0,-2.0
2025-02-03 16:39:06,-0.01,-0.01,-0.01
2025-02-03 16:39:06,-32.0,-31.0,-21.0
2025-02-03 16:39:06,-0.01,-0.0,-0.01
2025-02-03 16:39:06,-22.0,-18.0,-57.0
2025-02-03 16:39:06,-0.0,-0.01,0.0
2025-02-03 16:39:06,-4.0,-27.0,17.0
2025-02-03 16:39:06,0.0,-0.0,0.0
2025-02-03 16:39:06,17.0,-10.0,4.0
2025-02-03 16:39:06,0.0,-0.0,0.0
2025-02-03 16:39:06,11.0,-18.0,13.0
2025-02-03 16:39:06,0.0,-0.01,-0.0
2025-02-03 16:39:06,7.0,-41.0,-9.0
2025-02-03 16:39:06,0.01,-0.0,0.0
2025-02-03 16:39:06,25.0,-13.0,3.0
2025-02-03 16:39:06,0.0,-0.0,-0.0
2025-02-03 16:39:06,3.0,-2.0,-15.0
2025-02-03 16:39:06,-0.0,0.0,-0.0
2025-02-03 16:39:06,-7.0,9.0,-9.0
2025-02-03 16:39:06,0.0,0.01,0.0
2025-02-03 16:39:06,20.0,26.0,2.0
2025-02-03 16:39:06,0.0,0.01,0.0
2025-02-03 16:39:06,4.0,42.0,7.0
2025-02-03 16:39:06,-0.0,0.01,0.01
2025-02-03 16:39:06,-7.0,27.0,25.0
2025-02-03 16:39:06,-0.01,0.01,0.0
2025-02-03 16:39:06,-26.0,27.0,8.0
2025-02-03 16:39:06,0.0,0.0,0.01
2025-02-03 16:39:06,4.0,13.0,30.0
2025-02-03 16:39:06,-0.0,0.01,-0.0
2025-02-03 16:39:06,-4.0,33.0,-6.0
2025-02-03 16:39:06,0.0,0.0,-0.01
2025-02-03 16:39:06,2.0,19.0,-30.0
2025-02-03 16:39:06,0.0,0.0,-0.01
2025-02-03 16:39:06,15.0,4.0,-52.0
2025-02-03 16:39:06,0.0,0.0,-0.01
2025-02-03 16:39:06,2.0,0.0,-33.0
2025-02-03 16:39:06,0.0,0.01,-0.0
2025-02-03 16:39:06,1.0,27.0,-2.0
2025-02-03 16:39:06,-0.0,0.0,-0.0
2025-02-03 16:39:06,-5.0,18.0,-10.0
2025-02-03 16:39:06,0.0,0.0,-0.01
2025-02-03 16:39:06,13.0,9.0,-24.0
2025-02-03 16:39:06,0.01,-0.0,0.0
2025-02-03 16:39:06,23.0,-13.0,5.0
2025-02-03 16:39:06,-0.0,-0.0,0.0
2025-02-03 16:39:06,-13.0,-10.0,10.0
2025-02-03 16:39:06,-0.01,-0.0,-0.0
2025-02-03 16:39:06,-22.0,-12.0,-5.0
2025-02-03 16:39:06,0.0,-0.01,-0.0
2025-02-03 16:39:06,8.0,-32.0,-10.0
2025-02-03 16:39:06,-0.0,0.0,0.0
2025-02-03 16:39:06,-6.0,11.0,12.0
2025-02-03 16:39:06,-0.0,-0.01,-0.0
2025-02-03 16:39:06,-6.0,-25.0,-1.0
2025-02-03 16:39:06,-0.0,-0.01,-0.0
2025-02-03 16:39:06,-10.0,-24.0,-4.0
2025-02-03 16:39:06,-0.0,-0.01,-0.0
2025-02-03 16:39:06,-11.0,-38.0,-1.0
2025-02-03 16:39:06,0.0,-0.0,-0.01
2025-02-03 16:39:06,20.0,-9.0,-24.0
2025-02-03 16:39:06,-0.0,-0.0,-0.0
2025-02-03 16:39:06,-9.0,-7.0,-12.0
2025-02-03 16:39:06,-0.0,-0.0,-0.01
2025-02-03 16:39:06,-3.0,-13.0,-38.0
2025-02-03 16:39:06,0.0,-0.0,-0.0
2025-02-03 16:39:06,17.0,-9.0,-8.0
2025-02-03 16:39:06,-0.01,-0.0,0.0
2025-02-03 16:39:06,-25.0,-5.0,12.0
2025-02-03 16:39:06,-0.0,-0.0,-0.01
2025-02-03 16:39:06,-7.0,-19.0,-36.0
2025-02-03 16:39:06,0.0,-0.0,0.0
2025-02-03 16:39:06,16.0,-9.0,13.0
2025-02-03 16:39:06,-0.0,0.0,-0.0
2025-02-03 16:39:06,-9.0,0.0,-3.0
2025-02-03 16:39:06,0.01,0.0,-0.0
2025-02-03 16:39:06,37.0,20.0,-11.0
2025-02-03 16:39:06,0.0,0.0,-0.01
2025-02-03 16:39:06,1.0,18.0,-22.0
2025-02-03 16:39:06,0.0,0.01,-0.0
2025-02-03 16:39:06,6.0,34.0,-2.0
2025-02-03 16:39:06,0.0,0.0,0.01
2025-02-03 16:39:06,2.0,17.0,22.0
